label,value,score_rolling_zscore,score_knn,score_lof,score_isolation_forest,score_ik_density,score_matrix_profile
1,2.349466611315764,1.386302293230779,2.0486280011876405,1.0820590378282897,0.12475530936725776,-0.04309278350515458,2.71165950344032
1,2.908205819521259,1.474122751280018,2.0486280011876405,1.093344025501623,0.12475530936725776,-0.04309278350515458,2.71165950344032
1,2.9089746637915184,1.4925301336056596,2.0486280011876405,1.103720502229347,0.12475530936725776,-0.04309278350515458,2.71165950344032
1,2.748903346830581,0.6263291413931666,2.0486280011876405,1.1106587354940227,0.12475530936725776,-0.04309278350515458,2.71165950344032
1,2.458494817485273,0.980211702840363,2.0486280011876405,1.1250142078191643,0.12475530936725776,-0.04265979381443294,2.71165950344032
1,2.3775983554104867,1.3625884961889414,2.0486280011876405,1.145691723554418,0.13139685578176175,-0.04241237113402056,2.71165950344032
1,2.534669418293727,0.6870650031249828,2.0486280011876405,1.1574147285638376,0.13609171086732075,-0.041030927835051495,2.71165950344032
1,2.7455821161299774,0.09003109261315433,2.0486280011876405,1.1933314763388787,0.15194583787454563,-0.04057731958762882,2.71165950344032
1,2.6213484621694567,0.48372657414870646,2.0486280011876405,1.1933314763388787,0.16100450646656383,-0.03936082474226798,2.71165950344032
1,2.617213168437808,0.6275576818365871,2.0486280011876405,1.2170595327486458,0.17256969337482853,-0.03936082474226798,2.71165950344032
1,2.714325350347456,0.42819056606981454,2.523739011608774,1.2532760778017356,0.18382005273639734,-0.036701030927835,2.71165950344032
1,2.6780194477030546,0.5688460751002716,3.9122986150486785,1.2532760778017356,0.1944748301684045,-0.03554639175257726,2.879531627204174
1,2.5029732794446446,0.9736966105581647,4.910519236617086,1.2532760778017356,0.1944748301684045,-0.03554639175257726,2.879531627204174
1,3.1222031204760112,0.007975109712767757,5.697970970359225,1.2558975314564222,0.1944748301684045,-0.035051546391752536,2.879531627204174
1,3.08459865557976,0.26691703257311983,5.921441327404244,1.3336177517629526,0.19507864653177054,-0.03397938144329893,2.879531627204174
1,3.193425405878326,0.2507035801831927,5.921441327404244,1.438616065439247,0.19507864653177054,-0.03224742268041233,2.879531627204174
1,3.4282571800476735,0.04284494258773789,5.921441327404244,1.438616065439247,0.19507864653177054,-0.03224742268041233,2.879531627204174
1,3.88894235814696,0.39869970327794196,5.921441327404244,1.4896516806215483,0.19507864653177054,-0.029835051546391718,2.879531627204174
1,3.4703859524003073,0.02432497144245194,5.921441327404244,1.4896516806215483,0.19507864653177054,-0.029835051546391718,2.879531627204174
1,3.962402740232736,0.514443721453132,5.921441327404244,2.1576773708809815,0.19507864653177054,-0.029835051546391718,2.879531627204174
1,4.004774300832176,0.5749843517087783,5.921441327404244,2.7628973426048717,0.19507864653177054,-0.029835051546391718,2.879531627204174
1,4.209725952065647,0.7451328857450911,5.921441327404244,3.8234363870496226,0.19507864653177054,-0.029835051546391718,2.879531627204174
1,4.576684238138726,1.021208442099102,5.921441327404244,3.884662364471705,0.19507864653177054,-0.029835051546391718,2.879531627204174
1,4.2717159736746755,0.8600080965279232,5.921441327404244,3.884662364471705,0.19507864653177054,-0.029835051546391718,2.879531627204174
1,4.432101023362627,0.998739804979211,5.921441327404244,3.884662364471705,0.19507864653177054,-0.029835051546391718,2.879531627204174
1,4.9636665879210025,1.362283382153849,5.921441327404244,3.884662364471705,0.19507864653177054,-0.029835051546391718,2.879531627204174
0,0.8862357018772072,0.8657839392634993,5.921441327404244,3.884662364471705,0.19507864653177054,-0.029835051546391718,3.360155804519202
0,1.028901626290872,0.6709798611652932,5.921441327404244,3.884662364471705,0.19507864653177054,-0.029835051546391718,3.443750774161935
0,0.8259115596414901,0.6861188249666373,5.921441327404244,3.884662364471705,0.19507864653177054,-0.029835051546391718,3.443750774161935
0,0.6867812829399965,0.66236677363649,5.921441327404244,3.884662364471705,0.19507864653177054,-0.029835051546391718,3.443750774161935
0,0.5192136041499096,0.6823028058319318,5.878168568971892,3.884662364471705,0.19037547060693627,-0.029835051546391718,3.443750774161935
0,1.1221615644800118,0.19930462672050425,5.874670011281425,3.884662364471705,0.19037547060693627,-0.029835051546391718,3.443750774161935
0,0.3348047803726728,0.6794370252804979,5.856100789389944,3.884662364471705,0.19037547060693627,-0.029835051546391718,3.443750774161935
0,0.6687524678585721,0.32957681006100226,5.85532759261012,3.884662364471705,0.17735007294667993,-0.02989690721649481,3.443750774161935
0,0.959654674672755,1.0286202333285774,5.831581953139772,3.884662364471705,0.157864548153538,-0.02989690721649481,3.443750774161935
0,0.4720768820909153,1.1694696712983037,5.81583802295056,3.884662364471705,0.13947507745291743,-0.03134020618556698,3.443750774161935
0,0.717125808005029,0.2770689748888934,5.81476060892179,3.884662364471705,0.12086201664865226,-0.03439175257731956,3.443750774161935
0,0.504519104522875,1.0379994496512224,5.81476060892179,3.884662364471705,0.08982315799261364,-0.036804123711340175,3.443750774161935
0,0.8632571980179631,0.004509282960997081,5.176815344087062,3.818121922913084,0.039175813681986416,-0.03876288659793811,3.443750774161935
0,0.8088618989738042,0.24031816776972803,4.51466867361992,3.621856127599446,-0.007211372524304871,-0.04041237113402058,3.443750774161935
0,0.8159098235087815,0.22250433645841164,3.5923546258217542,3.181620852579603,-0.053935610362803865,-0.04119587628865975,3.443750774161935
0,0.8539772782636946,0.26078042759467823,1.1026472667030842,1.058907136353699,-0.06739230792465506,-0.04509278350515458,3.443750774161935
0,0.7185806111661092,0.8140992119295185,1.1026472667030842,1.058907136353699,-0.06146660973898571,-0.04509278350515458,3.443750774161935
0,1.532121988888934,2.0488392840567906,1.1026472667030842,1.058907136353699,-0.06146660973898571,-0.04505154639175253,3.2678124789237613
0,1.082996120666012,0.5584305394400976,1.1026472667030842,1.058907136353699,-0.06146660973898571,-0.03956701030927831,3.076797218006367
0,1.4145489800452045,1.5668653069622724,1.1026472667030842,1.058907136353699,-0.06146660973898571,-0.036371134020618506,2.7283972304279054
0,1.2618688270870475,1.0635103129054615,1.0984818899792244,1.058907136353699,-0.06146660973898571,-0.033958762886597896,2.7283972304279054
0,0.9018763300787036,0.22546321375793316,1.0451171961602401,1.0480941734277356,-0.06146660973898571,-0.031587628865979336,2.7283972304279054
0,1.152282955735496,0.8076087119942399,1.0451171961602401,1.0480941734277356,-0.060319034517207215,-0.031587628865979336,2.7283972304279054
0,1.0542623250593466,0.670462935075801,1.0451171961602401,1.0480941734277356,-0.060319034517207215,-0.031587628865979336,2.7283972304279054
0,0.9476712384081452,0.5506877154487209,1.0451171961602401,1.0480941734277356,-0.060319034517207215,-0.031587628865979336,2.7283972304279054
0,0.4480592495145772,0.14749387698578975,1.0451171961602401,1.0480941734277356,-0.060319034517207215,-0.031587628865979336,2.7283972304279054
0,0.4728102867179019,0.07051240996775329,1.0451171961602401,1.0480941734277356,-0.060319034517207215,-0.031587628865979336,2.7283972304279054
0,0.2595585524153718,0.10544748811146969,1.0451171961602401,1.0480941734277356,-0.060319034517207215,-0.031587628865979336,2.314241241642814
0,0.1077639556865724,0.1500699983114888,1.0451171961602401,1.0480941734277356,-0.060319034517207215,-0.031587628865979336,1.8386038754206777
0,-0.251938869676601,0.5588619878846323,1.0451171961602401,1.0480941734277356,-0.060319034517207215,-0.031587628865979336,2.163297525210364
0,-0.118326083803728,0.19283970931703448,1.0305409980603062,1.0454172745956158,-0.060319034517207215,-0.031587628865979336,2.428766289992135
0,-0.0147094869030928,0.1478688668569806,1.009419845969485,1.0454172745956158,-0.060319034517207215,-0.031587628865979336,2.8307573243730726
0,-0.3613528944305614,0.38644472191085816,0.958749254178548,1.0454172745956158,-0.060319034517207215,-0.031587628865979336,3.5334066177437378
0,-0.6269233057054426,0.9399169427119107,0.958749254178548,1.0454172745956158,-0.060319034517207215,-0.031587628865979336,3.5334066177437378
0,-0.4695653944141133,0.4528252454042258,0.9543313843466931,1.0454172745956158,-0.060319034517207215,-0.031587628865979336,3.5334066177437378
0,-0.5710783550765316,0.6695968885373713,0.9427085891079987,1.0454172745956158,-0.060319034517207215,-0.031587628865979336,3.5334066177437378
0,-0.7031508269036366,1.1710142446805192,0.915057620144709,1.0454172745956158,-0.060319034517207215,-0.031587628865979336,3.5334066177437378
0,-0.6215291368933584,0.6613101265050552,0.915057620144709,1.0454172745956158,-0.060319034517207215,-0.03276288659793811,3.5334066177437378
0,-0.7084586810937923,1.055213872930193,0.915057620144709,1.0454172745956158,-0.07148700183607837,-0.03404123711340202,3.5334066177437378
0,-0.4712939111105832,0.34238738097015453,0.9027473887775043,1.0454172745956158,-0.07404868524285335,-0.03616494845360821,3.5334066177437378
0,-0.3768680008647739,1.4461666490318776,0.8520382327533973,1.0454172745956158,-0.06909498487086957,-0.037051546391752545,3.5334066177437378
0,-0.549432818408125,0.4215563442560456,0.8520382327533973,1.0454172745956158,-0.06851181480080182,-0.037051546391752545,3.5334066177437378
0,-0.3790101550870142,1.3375281935194077,0.832534116139706,1.0454172745956158,-0.061429288522891534,-0.03812371134020615,3.5334066177437378
0,-0.6453075555216294,0.07778732259443295,0.7554083423271967,1.0454172745956158,-0.060646988058669915,-0.04507216494845356,3.5334066177437378
0,-0.5469428331802614,0.6208568581876672,0.7554083423271967,1.0454172745956158,-0.04100045942180669,-0.048536082474226756,3.5334066177437378
0,-0.813875319756836,0.5213208589262677,0.7554083423271967,1.0399144646969605,-0.04100045942180669,-0.04746391752577314,3.5334066177437378
0,-0.4861522465959621,0.955650851285761,0.8162709693303624,1.0277768382692982,-0.04100045942180669,-0.043608247422680366,3.5334066177437378
0,-0.725742944798224,0.10579795937390593,0.8162709693303624,1.0277768382692982,-0.04100045942180669,-0.039711340206185525,3.5334066177437378
0,-0.8230763096316766,0.1104500453130004,0.8162709693303624,1.0277768382692982,-0.04100045942180669,-0.039711340206185525,2.968672246170412
0,-1.181759737008678,1.2536648433489792,0.8162709693303624,1.0277768382692982,-0.03726364829259743,-0.039711340206185525,2.8715259346775492
0,-0.8660986407676716,0.016986493083474597,0.8799071990421615,1.0277768382692982,-0.03726364829259743,-0.039690721649484485,2.8715259346775492
0,-0.75754960279127,0.6596143028703597,0.889782431280889,1.0299252420221785,-0.03697293065781898,-0.03668041237113399,2.8715259346775492
0,-0.6805326715856331,1.0836712237209647,0.9228817739828917,1.0299252420221785,-0.03697293065781898,-0.03643298969072161,2.8715259346775492
0,-1.1812034342301403,0.9328556460093947,0.9228817739828917,1.0299252420221785,-0.036744237545399516,-0.03643298969072161,2.8715259346775492
0,-1.1567776164236652,0.8428258165126232,0.9228817739828917,1.0299252420221785,-0.036744237545399516,-0.03643298969072161,2.8715259346775492
0,-1.1884997355907423,0.9817482856031079,0.9228817739828917,1.0299252420221785,-0.036744237545399516,-0.03643298969072161,2.8715259346775492
0,-1.1143619314081714,0.6713243248361895,0.9228817739828917,1.0299252420221785,-0.036744237545399516,-0.03643298969072161,2.8715259346775492
0,-1.203053285202243,0.9197614632720403,0.9228817739828917,1.0299252420221785,-0.036744237545399516,-0.03643298969072161,2.8715259346775492
0,-1.0504191877386608,0.5981684489349508,0.9228817739828917,1.0299252420221785,-0.036744237545399516,-0.03643298969072161,2.8715259346775492
0,-1.349468168369235,1.2184448038822453,0.9228817739828917,1.0299252420221785,-0.036744237545399516,-0.03643298969072161,2.8715259346775492
0,-1.0282075619874171,0.6588328708166052,0.9228817739828917,1.0299252420221785,-0.036744237545399516,-0.03643298969072161,2.8715259346775492
0,-0.591645798318398,0.01312720246875743,0.9228817739828917,1.0299252420221785,-0.036744237545399516,-0.03643298969072161,2.8715259346775492
0,-0.5916677991546926,0.12152793973157779,0.9228817739828917,1.0299252420221785,-0.036744237545399516,-0.03643298969072161,2.739797608982557
0,-0.6150102605491266,0.2894388382006237,0.9228817739828917,1.0299252420221785,-0.036744237545399516,-0.03643298969072161,2.5845336114299404
0,-0.2844161704164803,0.11910345612898018,0.9228817739828917,1.0299252420221785,-0.036744237545399516,-0.03643298969072161,3.018206967135598
0,-0.0153925153481356,0.4335815991820781,0.9228817739828917,1.0299252420221785,-0.036744237545399516,-0.03643298969072161,3.406740152683301
0,0.2585073219578149,0.796241542511552,0.9228817739828917,1.0299252420221785,-0.036744237545399516,-0.03643298969072161,3.5258058232867495
0,0.4406089084766861,1.03737247125453,0.9433889044160032,1.0292667474549713,-0.036744237545399516,-0.03643298969072161,3.5258058232867495
0,0.1589606677804891,0.40926024758788004,0.9433889044160032,1.0244811570180654,-0.036744237545399516,-0.03810309278350512,3.5258058232867495
0,0.3187339181523255,0.6877145628415713,0.9433889044160032,1.0244811570180654,-0.04585393136602517,-0.03810309278350512,3.5258058232867495
0,0.2297172711107632,0.389312680348609,0.951540794744265,1.0244811570180654,-0.04895506252749232,-0.03810309278350512,3.5258058232867495
0,0.2118458281810037,0.14735242269190058,0.9532134188304343,1.0244811570180654,-0.05406381444955377,-0.03810309278350512,3.5258058232867495
0,0.1687560285776445,0.2889578372789776,0.9532134188304343,1.0244811570180654,-0.05406381444955377,-0.03810309278350512,3.5258058232867495
0,0.3203471085007542,0.40825016278496534,0.9532134188304343,1.0244811570180654,-0.062246989850601064,-0.03810309278350512,3.5258058232867495
0,0.2838262107775751,0.17750064779684263,0.9532134188304343,1.0244811570180654,-0.07181288329496344,-0.03810309278350512,3.5258058232867495
0,0.3348182119523304,0.09614600770484102,0.9532134188304343,1.0244811570180654,-0.0832158403365591,-0.03810309278350512,3.5258058232867495
0,0.1569964271184561,0.7926174295430031,0.9532134188304343,1.0244811570180654,-0.0832158403365591,-0.03810309278350512,3.5258058232867495
0,0.4886568960251724,0.13996969544915702,0.9532134188304343,1.0244811570180654,-0.07715889271068083,-0.03810309278350512,3.5258058232867495
0,-0.0466557139184551,1.4707905167555404,0.9532134188304343,1.012383058966835,-0.07715889271068083,-0.03938144329896904,3.5258058232867495
0,0.5017936999439606,0.12013445409310368,0.9532134188304343,1.0116145688849527,-0.07715889271068083,-0.04259793814432987,3.5258058232867495
0,0.2910942778449942,0.7681910162480435,0.9532134188304343,1.0116145688849527,-0.07715889271068083,-0.04259793814432987,3.5258058232867495
0,0.3272253000194831,0.8108292978871736,0.9532134188304343,1.0116145688849527,-0.07715889271068083,-0.04259793814432987,3.5258058232867495
0,1.0557349092563646,0.7597189993249508,0.9532134188304343,1.0116145688849527,-0.07715889271068083,-0.04259793814432987,2.9302293272571616
0,0.8699726320105818,0.1891854671908505,0.9532134188304343,1.0116145688849527,-0.07715889271068083,-0.04259793814432987,2.3862855534546683
0,0.9770868745218788,0.27869451715860916,0.9532134188304343,1.0116145688849527,-0.07715889271068083,-0.042639175257731914,2.2524280682619904
0,1.041547464539999,0.32566874806128054,0.9532134188304343,1.0116145688849527,-0.07715889271068083,-0.04278350515463913,2.2524280682619904
0,1.1845514966039778,0.6000504635530235,0.9532134188304343,1.0116145688849527,-0.07715889271068083,-0.046247422680412334,2.2524280682619904
0,1.1656679354013022,0.5398380518561852,0.9293744006810518,1.0080796497094384,-0.07715889271068083,-0.04779381443298965,2.2524280682619904
0,1.1819613720944642,0.5810644942542738,0.911857751350451,1.0044406624837008,-0.07715889271068083,-0.04969072164948449,2.2524280682619904
0,1.3475862182587737,1.16881388416137,0.911857751350451,1.0136106761200963,-0.07715889271068083,-0.049505154639175195,2.2524280682619904
0,1.171404515796875,0.5607001678899255,0.9849602999156416,1.0136106761200963,-0.07715889271068083,-0.046123711340206125,2.2524280682619904
0,1.3211925550333925,1.119449887748087,1.016806328382341,1.014107322918514,-0.07715889271068083,-0.04459793814432986,2.2524280682619904
0,1.4379613423489124,1.5124495324506404,1.0377273509944842,1.014107322918514,-0.07715889271068083,-0.04183505154639172,2.2524280682619904
0,1.0733683631188204,0.36212285287075563,1.0377273509944842,1.014107322918514,-0.0787042462527271,-0.0390927835051546,2.2524280682619904
0,1.086063794654928,0.48507529177377706,1.0377273509944842,1.0275096610069077,-0.08330176413624196,-0.03884536082474224,2.2524280682619904
0,0.7731963027123401,0.2534308283991687,1.0377273509944842,1.0275096610069077,-0.08330176413624196,-0.03814432989690719,2.4123603942196694
0,0.6772609788870986,0.284666708167733,1.0377273509944842,1.0275096610069077,-0.09039664348071652,-0.03806185567010307,2.8588456550476895
0,0.5482225405842059,0.5064629770099665,1.0377273509944842,1.0275096610069077,-0.09039664348071652,-0.03806185567010307,2.905942392603511
0,0.5877472008346764,0.23825995998447788,1.0377273509944842,1.0275096610069077,-0.09039664348071652,-0.03806185567010307,2.905942392603511
0,0.3703243099054429,0.6363464978669232,1.0377273509944842,1.0275096610069077,-0.09039664348071652,-0.03806185567010307,2.905942392603511
0,0.6937109797664882,0.3495830766010739,1.0377273509944842,1.0275096610069077,-0.09039664348071652,-0.03806185567010307,2.905942392603511
0,0.6602823697830633,0.51843531257681,1.0816470808389085,1.0275096610069077,-0.09039664348071652,-0.03806185567010307,2.905942392603511
0,0.3696860188647665,0.356764383083684,1.1126505722307487,1.0275096610069077,-0.09039664348071652,-0.03806185567010307,2.905942392603511
0,0.2610634854603996,0.5695798078959927,1.124572410993013,1.0275096610069077,-0.0880017161695471,-0.03806185567010307,2.905942392603511
0,-0.0370108248141003,1.751955143366635,1.124572410993013,1.0275096610069077,-0.08769741084076677,-0.03806185567010307,2.905942392603511
0,0.4999721231571974,0.7773755545490084,1.124572410993013,1.0275096610069077,-0.0839084736345837,-0.03767010309278347,2.905942392603511
0,0.1380065272294709,0.6950080656882043,1.124572410993013,1.0275096610069077,-0.06575295531233222,-0.03698969072164945,2.905942392603511
0,0.1825783248906735,0.3641328147146912,1.124572410993013,1.0275096610069077,-0.06575295531233222,-0.03698969072164945,2.905942392603511
0,0.2739201879115716,0.203436758056827,1.1476554806276476,1.0275096610069077,-0.05288621782872932,-0.03657731958762883,2.905942392603511
0,0.4330486822613644,0.9428417668407589,1.1476554806276476,1.0413522697338569,-0.03559369084874586,-0.03284536082474223,2.905942392603511
0,0.3676859287582636,0.9038096379214295,1.1476554806276476,1.1018605433766573,-0.029073595728437707,-0.03284536082474223,2.905942392603511
0,-0.0402221405490743,0.16531941110275744,1.1476554806276476,1.1227759105243929,-0.029073595728437707,-0.03284536082474223,2.905942392603511
0,0.1460668275574875,0.478863994507505,1.1476554806276476,1.1737823788481716,-0.011488756504065556,-0.03284536082474223,2.905942392603511
0,-0.138815818002856,0.06986165396679522,1.1476554806276476,1.1737823788481716,-0.006295381120466181,-0.03284536082474223,2.8793913926579524
0,0.3402135715851804,1.101803561993242,1.1476554806276476,1.1737823788481716,-0.006295381120466181,-0.03284536082474223,2.8793913926579524
0,0.0146951252511234,0.5336905051691606,1.1476554806276476,1.1737823788481716,-0.006295381120466181,-0.03284536082474223,2.8299324868001294
0,-0.5310863607702092,0.26438216522447494,1.1476554806276476,1.1737823788481716,-0.006295381120466181,-0.03284536082474223,2.8299324868001294
0,-0.3398776438627297,0.20788530286165705,1.1476554806276476,1.1737823788481716,-0.006295381120466181,-0.03284536082474223,2.684790438146886
0,-0.6297516415886063,0.09272912896052897,1.1476554806276476,1.1737823788481716,-0.006295381120466181,-0.03284536082474223,2.7442127064616106
0,-0.6325969593937243,0.07385512461187146,1.1476554806276476,1.1737823788481716,-0.006295381120466181,-0.03284536082474223,2.7442127064616106
0,-0.6852274502715144,0.10174807829375426,1.1476554806276476,1.1737823788481716,-0.006295381120466181,-0.03284536082474223,2.7442127064616106
0,-1.1992230263825785,0.723439864728164,1.1476554806276476,1.1737823788481716,-0.006295381120466181,-0.03284536082474223,2.7442127064616106
0,-0.887787532816458,0.07116510753846464,1.1476554806276476,1.1737823788481716,-0.006295381120466181,-0.03284536082474223,2.7442127064616106
0,-1.3038967832353952,0.9177635137712731,1.1476554806276476,1.1737823788481716,-0.006295381120466181,-0.03284536082474223,2.7442127064616106
0,-1.5225664568735109,1.6104408508109989,1.1201802934457468,1.1737823788481716,-0.006295381120466181,-0.03284536082474223,2.7442127064616106
0,-1.3519804799836883,1.1037374676202782,1.0941173806999254,1.1737823788481716,-0.006295381120466181,-0.03430927835051543,2.7442127064616106
0,-1.3538369807650503,1.100527990360633,1.075289940665128,1.1737823788481716,-0.006295381120466181,-0.03430927835051543,2.7442127064616106
0,-1.3748168713052114,1.1477002450143576,1.075289940665128,1.1737823788481716,-0.006295381120466181,-0.03430927835051543,2.7442127064616106
0,-1.1944196126584297,0.6163856570854734,1.075289940665128,1.1606899964220943,-0.006295381120466181,-0.03430927835051543,2.7442127064616106
0,-1.0298005928269682,0.18551472065486832,1.0444280820735905,1.1606899964220943,-0.017660373926707496,-0.03430927835051543,2.8859528382440423
0,-0.7973353564088271,0.36179150228481655,1.0119059246471414,1.1239965310273061,-0.017660373926707496,-0.03430927835051543,3.029546454375423
0,-0.9507997668098478,0.10553390421250944,0.9280508599301744,1.1239965310273061,-0.017660373926707496,-0.03430927835051543,3.1894607013304213
0,-0.8948657879946009,0.05799922694490147,0.9280508599301744,1.1239965310273061,-0.017660373926707496,-0.03430927835051543,3.1894607013304213
0,-0.8485815208000549,0.096941525334427,0.9280508599301744,1.1239965310273061,-0.017660373926707496,-0.03430927835051543,3.4503422624958273
0,-0.302782422751794,1.518223592641272,1.0012367762384737,1.1239965310273061,-0.017660373926707496,-0.03430927835051543,3.4503422624958273
0,-0.4564641770907786,0.9655153732328791,1.0239057675484504,1.1239965310273061,-0.019168707667942486,-0.03430927835051543,3.4503422624958273
0,-0.572277005581299,0.5331767002858568,1.080547264839059,1.1239965310273061,-0.019168707667942486,-0.03430927835051543,3.4503422624958273
0,-0.2880316382286587,1.8088806899446648,1.09078232667434,1.1349980203830599,-0.02425756331003842,-0.03430927835051543,3.4503422624958273
0,-0.7150460969255772,0.24280316212784017,1.0984920616836473,1.1349980203830599,-0.025490857109638332,-0.03430927835051543,3.4503422624958273
0,-0.515127569513495,0.7290995460116314,1.0984920616836473,1.1349980203830599,-0.034287960534643336,-0.03430927835051543,3.4503422624958273
0,-0.6735787744708785,0.1685004923135615,1.0984920616836473,1.1349980203830599,-0.047955590987843466,-0.03430927835051543,3.4503422624958273
0,-0.5361449833620202,0.22770498726649785,1.0984920616836473,1.1349980203830599,-0.059785060141592294,-0.034907216494845315,3.4503422624958273
0,-0.9042106924117588,1.4939772921225243,1.0984920616836473,1.1349980203830599,-0.06293370804329806,-0.035175257731958724,3.4503422624958273
0,-0.51135638419081,0.11302623937938855,1.0984920616836473,1.1349980203830599,-0.06259453835871975,-0.035175257731958724,3.4503422624958273
0,-0.7721900372805368,0.847989925495798,1.0984920616836473,1.1349980203830599,-0.06134308335817357,-0.035175257731958724,3.4503422624958273
0,-0.893527413073111,1.2132105382796745,1.0984920616836473,1.1349980203830599,-0.06134308335817357,-0.035175257731958724,3.4503422624958273
0,-0.6872026466914081,0.6692898318215945,1.0984920616836473,1.1349980203830599,-0.06134308335817357,-0.035175257731958724,3.4503422624958273
0,-0.7194131842965661,0.8332547918838968,1.1403919361579464,1.1349980203830599,-0.06134308335817357,-0.035175257731958724,3.4503422624958273
0,-0.624462674748671,0.6896999497845099,1.1403919361579464,1.1349980203830599,-0.06134308335817357,-0.035175257731958724,3.4503422624958273
0,0.0110051016138295,0.2905333471774858,1.1403919361579464,1.1349980203830599,-0.06134308335817357,-0.035175257731958724,2.0771170456478467
0,-0.2446691817787946,0.28146174747823455,1.1403919361579464,1.1349980203830599,-0.06134308335817357,-0.035175257731958724,2.0771170456478467
0,-0.0786120296720514,0.20815179391696426,1.1403919361579464,1.1349980203830599,-0.06134308335817357,-0.035175257731958724,1.9631222513457027
0,0.3531426378912057,0.2808595665264569,1.1403919361579464,1.1349980203830599,-0.06134308335817357,-0.035175257731958724,2.439340836797407
0,0.2206982041731358,0.03636950912730284,1.1403919361579464,1.1269148436474934,-0.06134308335817357,-0.035175257731958724,2.7991181582293603
0,0.488087461287464,0.2490537331368167,1.1403919361579464,1.1269148436474934,-0.06134308335817357,-0.035608247422680386,3.3962135492120407
0,0.4741190706325122,0.052169418758995056,1.1403919361579464,1.1269148436474934,-0.06134308335817357,-0.035608247422680386,3.79409403182485
0,0.9307377214008118,0.7145448269837329,1.1403919361579464,1.1269148436474934,-0.06134308335817357,-0.035608247422680386,3.79409403182485
0,0.7766591139669559,0.3012576250669118,1.1403919361579464,1.1269148436474934,-0.06134308335817357,-0.035608247422680386,3.79409403182485
0,1.158781468708252,1.1125621685558076,1.1403919361579464,1.1269148436474934,-0.06134308335817357,-0.035608247422680386,3.79409403182485
0,1.1959768005351497,1.2573021196558074,1.1403919361579464,1.1269148436474934,-0.06134308335817357,-0.035608247422680386,3.79409403182485
0,1.0541022694626043,0.9062076659585211,1.1403919361579464,1.1269148436474934,-0.06281519762808291,-0.035608247422680386,3.79409403182485
0,0.7547432470844737,0.2711379199697052,1.1403919361579464,1.1269148436474934,-0.07431601511701313,-0.035608247422680386,3.79409403182485
0,0.6180317556878175,1.1129967229567745,1.1403919361579464,1.1269148436474934,-0.07431601511701313,-0.035608247422680386,3.79409403182485
0,1.1669964242740865,1.2913446136535844,1.1403919361579464,1.1269148436474934,-0.08262260361105578,-0.038412371134020594,3.79409403182485
0,1.0989368296840247,1.015634095016261,1.1110942157353698,1.0650283585398737,-0.08571280493062305,-0.04519587628865975,3.79409403182485
0,0.921513368199542,0.35044351378316996,1.065768062896658,1.0650283585398737,-0.09216653092073096,-0.04519587628865975,3.79409403182485
0,0.8200293756691296,0.05210993408012335,1.030748273286713,1.0360473026662325,-0.09847154989828516,-0.04849484536082468,3.79409403182485
0,0.8372613594318861,0.07234007505485165,1.0245815826690208,1.0138294016209262,-0.10063190477784734,-0.04849484536082468,3.79409403182485
0,0.5882522570022707,0.837455913862153,1.0245815826690208,1.0138294016209262,-0.10154029515270951,-0.04849484536082468,3.79409403182485
0,0.9724612528223284,0.9505445621938533,1.0245815826690208,1.0138294016209262,-0.10154029515270951,-0.04849484536082468,3.79409403182485
0,0.8860481602139287,0.4640861365498734,1.0245815826690208,1.0138294016209262,-0.10154029515270951,-0.04849484536082468,3.79409403182485
0,0.3631024336982253,1.7387994312152455,1.0245815826690208,1.0138294016209262,-0.10154029515270951,-0.04849484536082468,3.415719670675604
0,0.5584837140599114,0.9669562070732187,1.0245815826690208,1.0138294016209262,-0.10154029515270951,-0.04849484536082468,3.415719670675604
0,0.3466353958256986,1.8498641326680363,1.0245815826690208,1.0695766522044783,-0.09163432118248199,-0.04468041237113398,3.415719670675604
0,0.8289770128348952,0.1647090116160701,1.0245815826690208,1.071753202361521,-0.09163432118248199,-0.04406185567010304,3.415719670675604
0,0.917408541677274,0.5086636525430946,0.9903059200142692,1.071753202361521,-0.08745871594427468,-0.04088659793814429,3.415719670675604
0,0.5956205291226749,0.8195371260681412,0.9903059200142692,1.071753202361521,-0.08745871594427468,-0.03964948453608244,3.415719670675604
0,0.5278706836363551,1.0080532198506178,0.9903059200142692,1.071753202361521,-0.07819675721237979,-0.03793814432989687,3.415719670675604
0,1.0899146279276029,1.3056989269332617,0.9903059200142692,1.071753202361521,-0.070454939657565,-0.03591752577319583,3.415719670675604
0,1.0903048468559495,1.3427612939197338,0.9903059200142692,1.071753202361521,-0.06511452790413347,-0.033360824742267994,3.415719670675604
0,1.099714929522058,1.2433885263165991,0.9903059200142692,1.071753202361521,-0.0595574622284602,-0.030783505154639134,3.415719670675604
0,0.9975340800387608,0.8924101348084478,0.9797780827923473,1.071753202361521,-0.0595574622284602,-0.030783505154639134,3.415719670675604
0,0.9024915641615788,0.662382985750003,0.9797780827923473,1.071753202361521,-0.0595574622284602,-0.030783505154639134,3.415719670675604
0,0.9094524027596476,0.7552256827160139,0.9797780827923473,1.071753202361521,-0.0595574622284602,-0.030783505154639134,3.415719670675604
0,0.806670444572169,0.6348987600653573,0.9797780827923473,1.071753202361521,-0.0595574622284602,-0.030783505154639134,3.415719670675604
0,0.4133645787503834,0.06538113224087652,0.9797780827923473,1.071753202361521,-0.0595574622284602,-0.030783505154639134,3.294982393551679
0,0.4861201153542496,0.2619948247716394,0.9797780827923473,1.071753202361521,-0.0595574622284602,-0.030783505154639134,2.802699166739138
0,0.294406401925165,0.12176797287388337,0.9797780827923473,1.071753202361521,-0.0595574622284602,-0.030783505154639134,2.6440819002729583
0,-0.0979082408206344,0.3183919390560127,0.9797780827923473,1.071753202361521,-0.0595574622284602,-0.030783505154639134,2.5959693420464394
0,-0.251049745051504,0.4061948441449882,0.9797780827923473,1.071753202361521,-0.0595574622284602,-0.030783505154639134,2.9391785382307734
0,-0.1790938129462073,0.16028062137005483,0.9797780827923473,1.0587531803098937,-0.0595574622284602,-0.030783505154639134,3.014552825947146
0,-0.1939884519438341,0.06874367749870028,0.9797780827923473,1.0587531803098937,-0.0595574622284602,-0.030783505154639134,3.4358168255672736
0,-0.7848437108180559,1.1877406740441934,0.964686001961611,1.0587531803098937,-0.0595574622284602,-0.030783505154639134,3.4358168255672736
0,-0.7790737932940249,1.1613828297290734,0.964686001961611,1.0587531803098937,-0.0595574622284602,-0.030783505154639134,3.4358168255672736
0,-0.4476308666752785,0.22772994751075304,0.964686001961611,1.0587531803098937,-0.0595574622284602,-0.030783505154639134,3.4358168255672736
0,-0.6228892628158735,0.7162332140619939,0.914723653315348,1.0587531803098937,-0.0595574622284602,-0.030783505154639134,3.4358168255672736
0,-0.690908221838839,1.0247942698836707,0.914723653315348,1.0587531803098937,-0.06620855525045372,-0.031175257731958724,3.4358168255672736
0,-0.6964140751065128,0.9688916045917287,0.914723653315348,1.0587531803098937,-0.06620855525045372,-0.032701030927835016,3.4358168255672736
0,-0.5156125627047476,0.06377916023356785,0.914723653315348,1.0587531803098937,-0.07394998362930388,-0.035567010309278314,3.4358168255672736
0,-0.3249470290758341,1.3193764040902132,0.914723653315348,1.0587531803098937,-0.07394998362930388,-0.035896907216494814,3.4358168255672736
0,-0.3941504661556088,1.268322502758812,0.914723653315348,1.0587531803098937,-0.07394998362930388,-0.03649484536082471,3.4358168255672736
0,-0.6778832038017418,0.24419453847387548,0.8834595098507974,1.0587531803098937,-0.07394998362930388,-0.03649484536082471,3.4358168255672736
0,-0.3836973680141851,1.1998839571332534,0.8728355113227079,1.0509271321599827,-0.052473475566452266,-0.04230927835051542,3.4358168255672736
0,-0.4820593474625192,0.8427848285715145,0.8108652846379686,1.0373289591668802,-0.052473475566452266,-0.04812371134020611,3.4358168255672736
0,-0.5575433471997187,0.5523600014549228,0.84134767693663,1.0373289591668802,-0.052473475566452266,-0.045257731958762835,3.4358168255672736
0,-0.6804375987258761,0.11523830198917624,0.8819565038757659,1.025152377482854,-0.052473475566452266,-0.042701030927835,3.4358168255672736
0,-0.551381750945123,0.6793000158258603,0.8819565038757659,1.0217572972114741,-0.05133590509664593,-0.039463917525773155,3.4358168255672736
0,-0.9784655341857638,0.7572629619203124,0.8959595181218185,1.0167810477442831,-0.04464030364739391,-0.03946391752577315,2.791707767883315
0,-0.8013812705876521,0.022464482072888144,0.8959595181218185,1.0167810477442831,-0.04464030364739391,-0.03946391752577315,2.791707767883315
0,-1.099762099953135,0.8162349293438965,0.8959595181218185,1.0167810477442831,-0.04464030364739391,-0.038948453608247384,2.791707767883315
0,-0.9174433734139014,0.07533785627135749,0.9382020132834858,1.0167810477442831,-0.04464030364739391,-0.03694845360824739,2.791707767883315
0,-0.8187867438708368,0.3549657432712749,1.001722837832148,1.0167810477442831,-0.04464030364739391,-0.035195876288659764,2.791707767883315
0,-1.060759174596734,0.5546680896367111,1.0527710103228116,1.0269025834594931,-0.04464030364739391,-0.035195876288659764,2.791707767883315
0,-1.118653800684959,0.7955727864254825,1.0573974573381986,1.0269025834594931,-0.043862282751307824,-0.035195876288659764,2.791707767883315
0,-1.1920580911261394,1.1169557596097546,1.0632930569369283,1.032498399654249,-0.043862282751307824,-0.035195876288659764,2.791707767883315
0,-1.0246423896651449,0.3800584486128514,1.0632930569369283,1.032498399654249,-0.043862282751307824,-0.035195876288659764,2.791707767883315
0,-0.9828816888974106,0.308481174553529,1.0632930569369283,1.032498399654249,-0.043862282751307824,-0.035195876288659764,2.791707767883315
0,-1.4752417345374045,1.717383583526647,1.0632930569369283,1.032498399654249,-0.043862282751307824,-0.035195876288659764,2.791707767883315
0,-1.1107759126402947,0.816317761018246,1.0649190427287178,1.032498399654249,-0.043862282751307824,-0.035195876288659764,2.791707767883315
0,-0.6357763449610916,0.2395598784329474,1.0649190427287178,1.032498399654249,-0.043862282751307824,-0.035195876288659764,2.791707767883315
0,-0.7590944460976771,0.1532310437969186,1.0649190427287178,1.032498399654249,-0.043862282751307824,-0.035195876288659764,2.791707767883315
0,-0.7134247148725193,0.2080065296777369,1.0649190427287178,1.032498399654249,-0.043862282751307824,-0.035195876288659764,2.791707767883315
0,-0.7822580908147084,0.4829824783600546,1.0649190427287178,1.035341971594249,-0.043862282751307824,-0.035195876288659764,2.578341829533955
0,-0.3080575985216947,0.2196438774215504,1.0649190427287178,1.035341971594249,-0.043862282751307824,-0.035195876288659764,2.361507206975426
0,-0.4606527119359211,0.19439804523730853,1.0649190427287178,1.035341971594249,-0.043862282751307824,-0.035195876288659764,2.2223393144469323
0,0.1388283633796277,0.8245278947475666,1.0649190427287178,1.035341971594249,-0.043862282751307824,-0.035195876288659764,2.829029149336219
0,-0.1104728271691258,0.18774255187715985,1.0649190427287178,1.035341971594249,-0.043862282751307824,-0.035195876288659764,3.2688612678167845
0,-0.1306383911438861,0.00347207583206438,1.0649190427287178,1.035341971594249,-0.043862282751307824,-0.03670103092783501,3.2688612678167845
0,0.0251879119615684,0.2554768859404291,1.0649190427287178,1.035341971594249,-0.043862282751307824,-0.03762886597938139,3.2688612678167845
0,0.3038414414972219,0.9184232881612313,1.0649190427287178,1.035341971594249,-0.04742542295424923,-0.03793814432989687,3.2688612678167845
0,0.2501537448875628,0.6948935204433357,1.0649190427287178,1.035341971594249,-0.06303730449085215,-0.03793814432989687,3.2688612678167845
0,0.4845368336002333,1.5175401894460303,1.0649190427287178,1.035341971594249,-0.06526622315082253,-0.03793814432989687,3.2688612678167845
0,0.2572937945800813,0.4422080180057083,1.0649190427287178,1.035341971594249,-0.07295743281466899,-0.03793814432989687,3.2688612678167845
0,-0.0641450965850346,1.3244975702557242,1.0649190427287178,1.035341971594249,-0.07658519374327133,-0.03793814432989687,3.2688612678167845
0,0.2747441423543192,0.2636217947666548,1.049468876434072,1.035341971594249,-0.08865856696954177,-0.03793814432989687,3.2688612678167845
0,-0.0144287114831318,1.2632452141945305,1.0067589605059677,1.035341971594249,-0.08899496387002909,-0.03793814432989687,3.2688612678167845
0,0.3360779833065515,0.21020915748633184,0.9777544752582505,1.035341971594249,-0.09086573557412869,-0.03793814432989687,3.2688612678167845
0,0.141960431900355,0.824513361514519,0.9777544752582505,1.035341971594249,-0.07643165025685533,-0.03793814432989687,3.2688612678167845
0,0.2140587197827853,0.6000927049736868,0.9777544752582505,1.0239266046006787,-0.07472914792427077,-0.038762886597938105,3.2688612678167845
0,0.4269551126314545,0.054809872833845544,0.9635724040633024,1.016193442074278,-0.07472914792427077,-0.038762886597938105,3.2688612678167845
0,0.4754308490511355,0.04168301343696358,0.9635724040633024,1.016193442074278,-0.07472914792427077,-0.04218556701030925,3.2688612678167845
0,0.1552044839299766,0.925654914984434,0.9635724040633024,1.016193442074278,-0.07472914792427077,-0.04218556701030925,3.2688612678167845
0,0.662986065327319,0.08419004184252427,0.9635724040633024,1.016193442074278,-0.07472914792427077,-0.04218556701030925,2.669914137160548
0,0.4495872987513736,0.5396371029449062,0.9635724040633024,1.016193442074278,-0.07472914792427077,-0.04218556701030925,2.647883395255342
0,0.6102019755388666,0.385083011610555,0.9635724040633024,1.016193442074278,-0.07472914792427077,-0.04218556701030925,2.561996209309095
0,1.0319987037794065,0.42641980183457084,0.9635724040633024,1.016193442074278,-0.07472914792427077,-0.04218556701030925,2.0874865592131058
0,1.085820015678297,0.4298823173088958,0.9635724040633024,1.016193442074278,-0.07472914792427077,-0.042453608247422635,1.9923055037462492
0,1.0472283373760152,0.2698496304910804,0.9295906106181536,1.016193442074278,-0.07472914792427077,-0.042453608247422635,1.9923055037462492
0,1.2690809360898565,0.8041880874958018,0.9295906106181536,1.016193442074278,-0.07472914792427077,-0.042742268041237076,1.9923055037462492
0,1.2918628481338832,0.848599247527894,0.889903788300108,1.0117209062009156,-0.07472914792427077,-0.0485773195876288,1.9923055037462492
0,1.2026555375924248,0.6080346888450864,0.9150468359163729,1.0117209062009156,-0.06703401824622901,-0.04694845360824737,1.9923055037462492
0,1.4526551501067282,1.3556859719558971,0.9298692944989976,1.0117209062009156,-0.06703401824622901,-0.04595876288659789,1.9923055037462492
0,1.5428339243273064,1.5351154875325808,0.9493311257211087,1.0117209062009156,-0.06703401824622901,-0.04247422680412367,1.9923055037462492
0,1.179063289465932,0.5495335845254822,0.9626925171187665,1.0117209062009156,-0.06703401824622901,-0.04032989690721646,1.9923055037462492
0,1.225614854160849,0.722048053013085,0.9626925171187665,1.0123862172247393,-0.06703401824622901,-0.03874226804123707,1.9923055037462492
0,0.8890665785109372,0.07619490953694524,0.9626925171187665,1.0161482906423054,-0.06703401824622901,-0.03874226804123707,1.9923055037462492
0,0.9169628838496288,0.21529790012366704,0.9626925171187665,1.0161482906423054,-0.06703401824622901,-0.03874226804123707,2.0355228538108023
0,0.8662053883800102,0.27110340527398447,0.9626925171187665,1.0161482906423054,-0.06703401824622901,-0.03874226804123707,2.242574645927831
0,0.5927978625416692,0.08269793617457483,0.9626925171187665,1.0161482906423054,-0.06703401824622901,-0.03874226804123707,2.8624833476151097
0,0.3243378914489521,0.4330481582195641,0.9626925171187665,1.0161482906423054,-0.06703401824622901,-0.03874226804123707,3.556300602315269
0,0.1874953180563512,0.6120165390076467,0.9626925171187665,1.0161482906423054,-0.06703401824622901,-0.03874226804123707,3.556300602315269
0,0.2151426315697444,0.42655560603876164,0.9626925171187665,1.0161482906423054,-0.06703401824622901,-0.03874226804123707,3.556300602315269
0,0.2359620784952571,0.24922191224082302,0.9626925171187665,1.0161482906423054,-0.06703401824622901,-0.03874226804123707,3.556300602315269
0,0.061459678302664,0.563965993268153,0.9626925171187665,1.0161482906423054,-0.06703401824622901,-0.03874226804123707,3.556300602315269
0,0.3615010719735504,0.46912605158585674,0.9626925171187665,1.0161482906423054,-0.06703401824622901,-0.03874226804123707,3.556300602315269
0,-0.2767268856666855,1.598163112238718,0.9626925171187665,1.0161482906423054,-0.06703401824622901,-0.038329896907216464,3.556300602315269
0,-0.128725512101213,1.1904360920024877,0.9626925171187665,1.0161482906423054,-0.07813436366488519,-0.038329896907216464,3.556300602315269
0,-0.0643222910461316,0.7284617595889695,0.9626925171187665,1.0161482906423054,-0.08661523222607898,-0.038329896907216464,3.556300602315269
0,0.3381446349648979,1.5602382316690147,0.9626925171187665,1.0161482906423054,-0.08661523222607898,-0.038329896907216464,3.556300602315269
0,-0.0190809876540088,0.130459849960916,1.0966807261771658,1.0161482906423054,-0.07249814838036378,-0.03567010309278347,3.556300602315269
0,0.0284358903689287,0.2626027230974542,1.117092435035657,1.0233026527942013,-0.06962469790152304,-0.03560824742268037,3.556300602315269
0,-0.0686263663402395,0.009879423032415052,1.117092435035657,1.1160763539770922,-0.06345282809062247,-0.03560824742268037,3.556300602315269
0,-0.0159483902353109,0.3678864812610005,1.117092435035657,1.1684868343970316,-0.043049705860378595,-0.03560824742268037,3.556300602315269
0,0.0785414271973125,0.9037442776517456,1.117092435035657,1.1684868343970316,-0.03928623617599425,-0.03560824742268037,3.556300602315269
0,0.1951395762922311,1.2954081231519492,1.117092435035657,1.1795698168137343,-0.03746234338983495,-0.03560824742268037,3.556300602315269
0,-0.2218529965602644,0.026993585829487493,1.117092435035657,1.1795698168137343,-0.03746234338983495,-0.03560824742268037,3.428095061254339
0,-0.2688325593411281,0.10857677362893839,1.117092435035657,1.1795698168137343,-0.03746234338983495,-0.03560824742268037,3.0727238679274897
0,-0.3181306809341335,0.1869547556762652,1.117092435035657,1.1795698168137343,-0.03746234338983495,-0.03560824742268037,2.868543532172643
0,-0.4269613643461705,0.1033085836804277,1.117092435035657,1.1795698168137343,-0.03746234338983495,-0.03560824742268037,2.828976414716956
0,-0.459890446990571,0.19445094440167165,1.117092435035657,1.1795698168137343,-0.033897772920456926,-0.03560824742268037,2.6691866672661972
0,-0.7790362496447226,0.3257914415370772,1.117092435035657,1.1795698168137343,-0.033897772920456926,-0.03560824742268037,3.025134016551717
0,-0.7342617880231185,0.07387716361675789,1.117092435035657,1.1795698168137343,-0.033897772920456926,-0.03560824742268037,3.025134016551717
0,-0.6322277784679546,0.2545108852534933,1.117092435035657,1.1795698168137343,-0.03367445609564862,-0.03560824742268037,3.025134016551717
0,-0.548959941288362,0.6644605171545428,1.117092435035657,1.1795698168137343,-0.03367445609564862,-0.03560824742268037,3.025134016551717
0,-1.5234867794869795,1.7390029853527293,1.117092435035657,1.1795698168137343,-0.03367445609564862,-0.03397938144329893,3.025134016551717
0,-1.09440072626955,0.5815613871205151,1.117092435035657,1.1795698168137343,-0.03367445609564862,-0.03397938144329893,3.025134016551717
0,-1.3073143160127911,1.2089603085512293,1.1143404749009749,1.1795698168137343,-0.03367445609564862,-0.03284536082474224,3.025134016551717
0,-1.3510083538673137,1.367848670366877,1.1143404749009749,1.1795698168137343,-0.03367445609564862,-0.03284536082474224,3.025134016551717
0,-1.0674545302669238,0.4498586022305518,1.0718598454781443,1.1795698168137343,-0.03367445609564862,-0.03284536082474224,3.025134016551717
0,-1.3858221126214585,1.4506670361298701,1.059948558781698,1.1795698168137343,-0.03367445609564862,-0.03284536082474224,3.025134016551717
0,-0.8523143096014869,0.15389980575846862,1.0392932690838115,1.1369232979147705,-0.03367445609564862,-0.03284536082474224,3.025134016551717
0,-0.9476814432423096,0.12178787112206339,1.0392932690838115,1.1369232979147705,-0.03367445609564862,-0.03284536082474224,3.025134016551717
0,-0.9944020414466254,0.3064292725557583,1.0392932690838115,1.1369232979147705,-0.03367445609564862,-0.03284536082474224,3.025134016551717
0,-0.7041478476679645,0.3418054374263293,1.0392932690838115,1.1369232979147705,-0.03367445609564862,-0.03284536082474224,3.025134016551717
0,-0.7640021591463159,0.06461515781958199,1.0392932690838115,1.1369232979147705,-0.03367445609564862,-0.03284536082474224,3.1211996957939347
0,-0.6000189898619978,0.3982335588099134,1.0392932690838115,1.1369232979147705,-0.03367445609564862,-0.03284536082474224,3.187709574351536
0,-0.5296826744593472,0.5690756019243013,1.0676615581573456,1.1369232979147705,-0.03367445609564862,-0.03284536082474224,3.187709574351536
0,-0.374071735309178,0.9998103104649255,1.0834700834640232,1.1369232979147705,-0.03367445609564862,-0.03284536082474224,3.187709574351536
0,-0.6815560295677112,0.30509741748657926,1.190107849268743,1.1826778403204958,-0.04020532239371616,-0.03284536082474224,3.187709574351536
0,-0.7025853951810923,0.5271414700198694,1.1981193379326165,1.1826778403204958,-0.044550689310510816,-0.03284536082474224,3.187709574351536
0,-0.0599984484107132,2.4903617753595952,1.1981193379326165,1.1826778403204958,-0.04555661720803744,-0.03284536082474224,3.187709574351536
0,-0.5694829130961822,0.22046342713728243,1.1981193379326165,1.1826778403204958,-0.05680148001710589,-0.03284536082474224,3.187709574351536
0,-0.479509791566308,0.10269336059151078,1.1981193379326165,1.1826778403204958,-0.0638571463247889,-0.035773195876288626,3.187709574351536
0,-0.3984810705224288,0.2817890591477989,1.1981193379326165,1.1826778403204958,-0.07165073936228233,-0.036247422680412325,3.187709574351536
0,-0.7637059599016803,1.4881896934760763,1.1981193379326165,1.1826778403204958,-0.07449774861447284,-0.036247422680412325,3.187709574351536
0,-0.4379656722181064,0.17715655206030023,1.1981193379326165,1.1826778403204958,-0.0714304079450413,-0.036247422680412325,3.187709574351536
0,-0.5672334917880986,0.6555711263954289,1.1981193379326165,1.1826778403204958,-0.0714304079450413,-0.036247422680412325,3.187709574351536
0,-0.3887678719498753,0.28986626484714517,1.1981193379326165,1.1826778403204958,-0.0714304079450413,-0.036247422680412325,3.187709574351536
0,-0.7562028353434187,1.3137732911089797,1.1981193379326165,1.1826778403204958,-0.0714304079450413,-0.036247422680412325,3.187709574351536
0,-0.1488173714222807,0.016644542132007074,1.1981193379326165,1.1826778403204958,-0.0714304079450413,-0.036247422680412325,3.187709574351536
0,-0.2851082131750966,0.41501844079359734,1.1981193379326165,1.1826778403204958,-0.0714304079450413,-0.036247422680412325,3.187709574351536
0,-0.0668761236842415,0.14023593165450052,1.1981193379326165,1.1826778403204958,-0.0714304079450413,-0.036247422680412325,2.8183641854186288
0,-0.3144239453871897,0.6887198408660059,1.1981193379326165,1.1826778403204958,-0.0714304079450413,-0.036247422680412325,2.6754389106993814
0,0.4522291682430341,0.4056600469813546,1.1981193379326165,1.1826778403204958,-0.0714304079450413,-0.036247422680412325,2.669914137160548
0,0.1651342271320151,0.2152801754433975,1.1981193379326165,1.1669904508943543,-0.0714304079450413,-0.036247422680412325,2.6097905649700817
0,0.6267525529090409,0.3437653947929461,1.1957375573830769,1.1250258363383643,-0.0714304079450413,-0.036247422680412325,3.0580480531178633
0,0.6011211776823449,0.17714768153510463,1.134945279855111,1.1250258363383643,-0.0714304079450413,-0.03787628865979378,3.0580480531178633
0,0.6684537265164223,0.1507567346014775,1.134945279855111,1.1250258363383643,-0.0714304079450413,-0.03787628865979378,3.0580480531178633
0,0.929409163318624,0.5963430788621056,1.134945279855111,1.1250258363383643,-0.0714304079450413,-0.03787628865979378,3.0580480531178633
0,0.8709741752274704,0.377073378410826,1.134945279855111,1.1250258363383643,-0.0714304079450413,-0.03787628865979378,3.0580480531178633
0,1.1162044647939835,0.9386683328738684,1.134945279855111,1.1250258363383643,-0.0714304079450413,-0.03787628865979378,3.0580480531178633
0,1.0723437342338846,0.9373131922314857,1.134945279855111,1.1250258363383643,-0.07647713132664707,-0.03787628865979378,3.0580480531178633
0,1.0684197283743948,0.8903654851960577,1.134945279855111,1.1250258363383643,-0.07647713132664707,-0.03787628865979378,3.0580480531178633
0,1.4033097797860594,2.5039260770249094,1.134945279855111,1.1250258363383643,-0.07647713132664707,-0.03882474226804122,3.0580480531178633
0,0.9994560671052196,0.6427449148380298,1.0874608393197933,1.0724193313718096,-0.07975791015321382,-0.044350515463917474,3.4209901731700647
0,0.8707093018344928,0.07782705762766115,1.0874608393197933,1.0592906982336416,-0.08801566159781915,-0.044350515463917474,3.949413348177947
0,0.6851831626203895,0.8279185773559233,1.0874608393197933,1.0472382411247323,-0.09187332306610319,-0.044350515463917474,3.949413348177947
0,0.8942494655964532,0.1504247321589748,1.0319807577771598,1.0321279235382428,-0.09380916241813642,-0.047381443298969005,3.949413348177947
0,0.7182033197255417,0.6267635745160005,0.9355202583628327,1.0057779615888123,-0.10300351963579069,-0.047381443298969005,3.949413348177947
0,0.5526098540175352,1.32390437143516,0.9355202583628327,1.0057779615888123,-0.10300351963579069,-0.047381443298969005,3.949413348177947
0,0.8254158642851642,0.0013527605041073146,0.9355202583628327,1.0000516436077929,-0.10871127718086643,-0.05263917525773189,3.949413348177947
0,0.7128926992800738,0.40104220346769043,0.9355202583628327,1.0000516436077929,-0.10871127718086643,-0.05263917525773189,3.949413348177947
0,0.6361865379782607,0.9014516832884507,0.8923562609498435,1.0000516436077929,-0.10871127718086643,-0.05263917525773189,3.949413348177947
0,0.4778718869610635,2.0680613660209892,0.993268743873579,1.0317812498618053,-0.10795386227667864,-0.04942268041237107,3.949413348177947
0,0.9555160372571312,1.2795912240246443,0.9969207167420143,1.050292615922957,-0.10727594822879077,-0.0462268041237113,3.949413348177947
0,0.7703902896664324,0.061128439959603965,0.9969207167420143,1.0668308665112771,-0.09762796527875889,-0.04331958762886594,3.949413348177947
0,0.835687340174755,0.4536595811462679,0.9969207167420143,1.0668308665112771,-0.09762796527875889,-0.04321649484536079,3.949413348177947
0,0.7604588448861751,0.11728680208038829,1.0989337327546822,1.0668308665112771,-0.08740861064194722,-0.03752577319587625,3.949413348177947
0,0.8607425430864597,0.5296293406856571,1.1464026585815428,1.0668308665112771,-0.08421394752411043,-0.03752577319587625,3.949413348177947
0,0.566583192496021,1.2046223629986845,1.1464026585815428,1.0668308665112771,-0.06891244692708942,-0.035505154639175224,3.949413348177947
0,0.8676239604672562,0.5778542390529947,1.1464026585815428,1.0668308665112771,-0.05992976224571783,-0.033298969072164904,3.949413348177947
0,0.9403953154711966,0.8701002609310005,1.1464026585815428,1.0668308665112771,-0.053369759155226904,-0.029979381443298928,3.531888814578267
0,1.0031086718326356,1.0378086207017982,1.1464026585815428,1.0668308665112771,-0.053369759155226904,-0.029979381443298928,3.52976941570115
0,0.8709701842445868,0.7478334780336552,1.1464026585815428,1.0668308665112771,-0.053369759155226904,-0.029979381443298928,3.52976941570115
0,0.7425899953853508,0.4694502827861775,1.1464026585815428,1.0668308665112771,-0.053369759155226904,-0.029979381443298928,3.52976941570115
0,0.8358884516347606,0.7629880491876002,1.1464026585815428,1.0668308665112771,-0.053369759155226904,-0.029979381443298928,3.52976941570115
0,0.7760203261401899,0.7253490645174344,1.1464026585815428,1.0668308665112771,-0.053369759155226904,-0.029979381443298928,3.2842404213360408
0,0.3769299357752402,0.15881637843544244,1.1464026585815428,1.0668308665112771,-0.053369759155226904,-0.029979381443298928,3.052741226888703
0,-0.1050118318667462,0.457524662389839,1.1464026585815428,1.0668308665112771,-0.053369759155226904,-0.029979381443298928,2.5574591532226263
0,0.2555328315115203,0.2353588552082855,1.1464026585815428,1.0668308665112771,-0.053369759155226904,-0.029979381443298928,2.3904818080896173
0,-0.0144509156807502,0.04376740532058838,1.1464026585815428,1.0668308665112771,-0.053369759155226904,-0.029979381443298928,2.5072700010412143
0,0.0774456659995561,0.24275035337592932,1.1464026585815428,1.0539372741042023,-0.053369759155226904,-0.029979381443298928,3.0597482225105823
0,-0.7138163663859896,0.9790968126361654,1.1464026585815428,1.0539372741042023,-0.053369759155226904,-0.029979381443298928,3.2074556016063567
0,-0.3449794799487173,0.20588797834473888,1.1464026585815428,1.0539372741042023,-0.053369759155226904,-0.029979381443298928,3.2074556016063567
0,-0.6830565531593703,0.7870882852397636,1.1018926124862352,1.0539372741042023,-0.053369759155226904,-0.029979381443298928,3.2074556016063567
0,-0.6403326478865699,0.6764454029706994,1.0256212066745387,1.0539372741042023,-0.053369759155226904,-0.029979381443298928,3.2074556016063567
0,-0.950795261082624,1.6178128299902599,1.0256212066745387,1.0539372741042023,-0.053369759155226904,-0.029979381443298928,3.2074556016063567
0,-0.7438635495567317,0.8844167821301664,1.0256212066745387,1.0530225644047537,-0.0580554858398829,-0.03059793814432986,3.2074556016063567
0,-0.5083744595332295,0.12754827526240234,1.0256212066745387,1.0530225644047537,-0.0580554858398829,-0.03195876288659791,3.2074556016063567
0,-0.3924141237452578,0.8254109499773641,1.0256212066745387,1.0530225644047537,-0.058598701638069184,-0.03393814432989688,3.2074556016063567
0,-0.6645038231190766,0.1630351260039342,1.0256212066745387,1.0530225644047537,-0.058598701638069184,-0.03484536082474223,3.2074556016063567
0,-0.5791614460554603,0.36907413177029974,1.0256212066745387,1.0530225644047537,-0.0570868453083172,-0.035505154639175224,3.2074556016063567
0,-0.6064837689819228,0.4222460359547972,1.0083188799946532,1.0530225644047537,-0.0570868453083172,-0.037855670103092744,3.2074556016063567
0,-0.4064989275525993,1.6100088528616945,1.0033858715390414,1.0530225644047537,-0.0570868453083172,-0.0414845360824742,3.2074556016063567
0,-0.4760578795953738,1.2377468203349995,0.9156952272353406,1.0530225644047537,-0.04348020959618326,-0.045113402061855615,3.2074556016063567
0,-0.6428222883057003,0.3680751616075662,0.901740582113041,1.0354792618966364,-0.03835059042264927,-0.045257731958762835,3.2074556016063567
0,-0.926498914672018,0.6805357431334179,0.8857527432239393,1.0347451039106852,-0.03835059042264927,-0.04274226804123707,3.2074556016063567
0,-0.7337331711633679,0.23172842316785922,0.78396952088983,1.0136769646969848,-0.03835059042264927,-0.04274226804123707,3.2074556016063567
0,-0.8135807907234607,0.14125219116476445,0.7548375122371493,1.0136769646969848,-0.03835059042264927,-0.04039175257731954,3.137996021600567
0,-0.8274334630284865,0.17353229519471153,0.7548375122371493,1.0136769646969848,-0.03835059042264927,-0.03975257731958758,3.137996021600567
0,-0.9404397862289589,0.10678835583777212,0.7548375122371493,1.0136769646969848,-0.033627008863194585,-0.03919587628865974,2.8850424120026377
0,-0.8214276921217157,0.4646390719695796,0.7741003785687689,1.0136769646969848,-0.033627008863194585,-0.03812371134020613,2.697812008053135
0,-0.9726820990253116,0.08044185272851671,0.8792896136849047,1.0136769646969848,-0.03139409521133524,-0.03663917525773193,2.493597072633924
0,-1.2145749870177631,0.9452809589133371,0.8907445297445176,1.016858040317754,-0.028636375859671714,-0.036639175257731915,2.493597072633924
0,-1.2931731381851244,1.3629588753634736,0.8907445297445176,1.040187023071148,-0.028636375859671714,-0.036639175257731915,2.493597072633924
0,-1.2141997699211096,0.913535910628789,0.912982212837317,1.040187023071148,-0.028636375859671714,-0.036639175257731915,2.493597072633924
0,-1.366924385302927,1.5164619346042063,0.9205934201211219,1.040187023071148,-0.028636375859671714,-0.036639175257731915,2.493597072633924
0,-1.0514226474197548,0.31145436689171746,0.9205934201211219,1.040187023071148,-0.028636375859671714,-0.036639175257731915,2.493597072633924
0,-1.1778660090485251,0.7492774591545334,0.9205934201211219,1.040187023071148,-0.028636375859671714,-0.036639175257731915,2.493597072633924
0,-1.283960262394863,0.9824047985797024,0.9205934201211219,1.040187023071148,-0.028636375859671714,-0.036639175257731915,2.493597072633924
0,-1.1135096954541464,0.6301912562657866,0.9205934201211219,1.040187023071148,-0.028636375859671714,-0.036639175257731915,2.493597072633924
0,-0.8380328779428878,0.20569595039749042,0.9205934201211219,1.040187023071148,-0.028636375859671714,-0.036639175257731915,2.493597072633924
0,-0.8643020751025744,0.3815827614443559,0.9205934201211219,1.040187023071148,-0.028636375859671714,-0.036639175257731915,2.411896537930755
0,-0.4726441270046357,0.10793138167837782,0.9205934201211219,1.040187023071148,-0.028636375859671714,-0.036639175257731915,2.191553878786963
0,-0.5677895798546894,0.2022654804860893,0.9205934201211219,1.040187023071148,-0.028636375859671714,-0.036639175257731915,1.885043250421177
0,-0.2737004733960074,0.07998515570797685,0.9205934201211219,1.040187023071148,-0.028636375859671714,-0.036639175257731915,1.6054926313812263
0,-0.3471217966162448,0.18152558376776654,0.9205934201211219,1.040187023071148,-0.028636375859671714,-0.036639175257731915,1.9036134773727318
0,0.2474896334746223,0.6522499680534731,0.9205934201211219,1.040187023071148,-0.028636375859671714,-0.036639175257731915,2.762858098250204
0,0.1415733890234226,0.3290706051950979,0.9205934201211219,1.040187023071148,-0.028636375859671714,-0.036639175257731915,2.907504163906951
0,0.4302164576791528,0.7988339132883615,0.9210398043131014,1.040187023071148,-0.03347820845338623,-0.03731958762886595,2.907504163906951
0,0.1951757323295142,0.16417772197919606,0.9210398043131014,1.0287625733324293,-0.043641875226546,-0.03731958762886595,2.907504163906951
0,0.393274303544034,0.5087686964178393,0.9210398043131014,1.0287625733324293,-0.05148704627263473,-0.03731958762886595,2.907504163906951
0,0.479240947094564,0.6935991608978652,0.9279315893876982,1.0287625733324293,-0.056839532867090314,-0.03731958762886595,2.907504163906951
0,0.5892706891990604,1.014510854827025,0.9279315893876982,1.0287625733324293,-0.05967798756772463,-0.03731958762886595,2.907504163906951
0,0.5221554866421135,0.6693010780738459,0.9279315893876982,1.0287625733324293,-0.06370989951991929,-0.03731958762886595,2.907504163906951
0,0.3111114376456558,0.7973412780956777,0.9279315893876982,1.0287625733324293,-0.07712234259734652,-0.03731958762886595,2.907504163906951
0,0.5168512711961915,0.42939362521169977,0.9279315893876982,1.0287625733324293,-0.08803176087793324,-0.03731958762886595,2.907504163906951
0,0.321293860735894,1.1094381033933496,0.9279315893876982,1.0287625733324293,-0.09058659955775916,-0.03731958762886595,2.907504163906951
0,0.4786442654269188,0.2512769404001215,0.9279315893876982,1.0287625733324293,-0.08791228941071355,-0.03731958762886595,2.907504163906951
0,0.5323644460930067,0.237093592961154,0.9279315893876982,1.0287625733324293,-0.0857157403400306,-0.03731958762886595,2.907504163906951
0,0.3135805637381188,1.101992994844437,0.9279315893876982,1.0027670655101435,-0.0831333190488272,-0.04086597938144327,2.907504163906951
0,0.5978224632264698,0.2693238408660391,0.9279315893876982,1.0029729897498392,-0.0831333190488272,-0.04286597938144325,2.907504163906951
0,0.5852015681556066,0.40440639012332014,0.9279315893876982,1.0078025136029063,-0.0831333190488272,-0.04286597938144325,2.907504163906951
0,0.7055735367472666,0.17366341973082872,0.9279315893876982,1.0081319651562184,-0.0831333190488272,-0.043402061855670075,2.907504163906951
0,0.583471904149363,0.6648527785480537,0.9279315893876982,1.0081319651562184,-0.0831333190488272,-0.043402061855670075,2.902237736488877
0,0.8585670561641155,0.028904180726072558,0.9279315893876982,1.0081319651562184,-0.08172213778344034,-0.043402061855670075,2.6622582201080234
0,0.9691474917659374,0.09702961639222112,0.9279315893876982,1.0081319651562184,-0.08172213778344034,-0.04595876288659789,2.6622582201080234
0,1.262958192691159,0.8388916864703567,0.9279315893876982,1.011600602685426,-0.07787432742985329,-0.04595876288659789,2.6622582201080234
0,1.4282881831691925,1.297402406906491,0.9268218120257034,1.013010719359251,-0.07787432742985329,-0.04595876288659789,2.6622582201080234
0,1.0270191508723507,0.035411219126032026,0.9268218120257034,1.0161088723112726,-0.07474544096284985,-0.048721649484536014,2.6622582201080234
0,1.3231143170052764,1.022050257931805,0.9268218120257034,1.0161088723112726,-0.07474544096284985,-0.04736082474226798,2.6622582201080234
0,1.2563625995748309,0.7913113391526587,0.9268218120257034,1.0161088723112726,-0.07378976965309059,-0.04606185567010304,2.6622582201080234
0,1.2649294626694023,0.8194386437689564,0.9268218120257034,1.0161088723112726,-0.07378976965309059,-0.04490721649484531,2.6622582201080234
0,1.2685192465484236,0.8251141889919273,0.9300305794319988,1.0161088723112726,-0.07378976965309059,-0.04272164948453604,2.6622582201080234
0,1.4205317336959329,1.1422335483586255,0.9300305794319988,1.0161088723112726,-0.07378976965309059,-0.03985567010309274,2.6622582201080234
0,1.1221058957616752,0.4898214538987897,0.9300305794319988,1.0170382027158045,-0.07378976965309059,-0.03907216494845356,2.6622582201080234
0,1.0288354977194094,0.4212976987179071,0.9300305794319988,1.0170382027158045,-0.07378976965309059,-0.03907216494845356,2.6622582201080234
0,0.5751493473473562,0.29911432338608224,0.9300305794319988,1.0170382027158045,-0.07378976965309059,-0.03907216494845356,2.6622582201080234
0,0.7290970698178668,0.10096406270891047,0.9300305794319988,1.0170382027158045,-0.07378976965309059,-0.03907216494845356,2.6622582201080234
0,0.5319268766870012,0.11323257437017405,0.9300305794319988,1.0170382027158045,-0.07378976965309059,-0.03907216494845356,2.4781697652291705
0,0.5716097629064018,0.07395445320851768,0.9300305794319988,1.0170382027158045,-0.07378976965309059,-0.03907216494845356,2.8269871004364937
0,0.4695820832285871,0.0280165737475609,0.9300305794319988,1.0170382027158045,-0.07378976965309059,-0.03907216494845356,3.0597482225105823
0,-0.11500098222904,1.0387479301546327,0.9300305794319988,1.0170382027158045,-0.07378976965309059,-0.03717525773195871,3.0597482225105823
0,0.0500246665174712,0.5758397035340701,0.9300305794319988,1.0170382027158045,-0.07378976965309059,-0.03717525773195871,3.0597482225105823
0,-0.123296429534159,1.003824676071602,0.9300305794319988,1.0170382027158045,-0.07378976965309059,-0.03717525773195871,3.0597482225105823
0,0.0169752373889728,0.549641850309026,0.9300305794319988,1.0170382027158045,-0.07378976965309059,-0.03717525773195871,3.0597482225105823
0,0.0868020148756504,0.2553905336941906,0.9300305794319988,1.0170382027158045,-0.07378976965309059,-0.03717525773195871,3.0597482225105823
0,-0.0790268705673921,0.7912895876563887,0.9300305794319988,1.0170382027158045,-0.07765466686898764,-0.03717525773195871,3.0597482225105823
0,0.2513148133739296,0.8669796057269972,0.9965247975956893,1.025092434351403,-0.06101851305864381,-0.03581443298969069,3.0597482225105823
0,-0.0595498255373818,0.24124478069434208,1.0021272743963847,1.0599204825885065,-0.05652820303896661,-0.03581443298969069,3.0597482225105823
0,-0.1145049685345305,0.29786765667358683,1.029248463890474,1.1421582340734338,-0.0443193684479683,-0.03581443298969069,3.0597482225105823
0,-0.1274694007043818,0.1450077943628672,1.029248463890474,1.1517486252760922,-0.02994018436972795,-0.03581443298969069,3.0597482225105823
0,0.1353736351788527,0.9797185980127069,1.029248463890474,1.166164389179127,-0.022641709849184732,-0.03581443298969069,3.0597482225105823
0,0.1360511387515683,0.9492852212869333,1.029248463890474,1.169932726029077,-0.01249943482881527,-0.03581443298969069,3.0597482225105823
0,0.2722280457513202,1.3452822007177963,1.047897214508348,1.169932726029077,-0.00804340240835405,-0.03581443298969069,3.0597482225105823
0,-0.1283689817784935,0.3992768023440169,1.7055432145210356,1.633939997694481,-0.002612559273241888,-0.030391752577319568,3.0597482225105823
0,-0.3588269407559659,0.035924793794911335,2.117392120380998,1.8405078411080293,0.006748919280397447,-0.028721649484536066,3.0597482225105823
0,-0.4326973159411614,0.09752227353839667,2.319410869786874,1.8405078411080293,0.02587034558004997,-0.028721649484536066,2.8164851265817386
0,-0.3587133280581521,0.3576115123180133,2.5610135407159595,1.8405078411080293,0.04908658877496308,-0.028721649484536066,2.564178339836147
0,-0.7148702010793904,0.14092189499840063,2.720201122806635,1.8405078411080293,0.061626551628309656,-0.028721649484536066,2.330351057541192
0,-0.3831158292467785,0.5272846244829339,2.836361600395652,1.8896606257216004,0.07922340515786719,-0.028721649484536066,2.236964028578455
0,-0.8699012533752007,0.18407502094622558,2.893137290426968,1.9601732065384094,0.08316858520567161,-0.028721649484536066,2.0771170456478467
0,-1.0072723004272897,0.43906387600076335,2.923058428177215,2.0145206925064905,0.09922179670073739,-0.028721649484536066,2.0771170456478467
0,-1.4057697492101189,1.0121904256966214,2.995709116508093,2.0145206925064905,0.09922179670073739,-0.028721649484536066,2.0771170456478467
0,-1.237247504738336,0.7503163447957722,3.1638179170936422,2.0145206925064905,0.09922179670073739,-0.028061855670103077,2.0771170456478467
0,-1.6107712149438411,1.1338983982190212,3.1638179170936422,2.1236600708279516,0.09922179670073739,-0.028061855670103077,2.0771170456478467
0,-1.4030402514176032,0.9322817871416513,3.2153769524466442,2.4354960565076142,0.09922179670073739,-0.028061855670103077,2.0771170456478467
0,-1.251675743377689,0.8280463484870223,3.2153769524466442,2.511567991803479,0.09922179670073739,-0.028061855670103077,2.0771170456478467
0,-1.126886727021512,0.788546137582981,3.2153769524466442,2.511567991803479,0.09922179670073739,-0.028061855670103077,2.0771170456478467
0,-1.1701932190342488,0.8727425832385735,3.2153769524466442,2.511567991803479,0.09922179670073739,-0.028061855670103077,2.0771170456478467
1,0.7261338452260335,0.37862006988400926,3.2153769524466442,2.511567991803479,0.09922179670073739,-0.028061855670103077,2.0771170456478467
1,0.9489905914388492,0.4038665882913357,3.2153769524466442,2.511567991803479,0.09922179670073739,-0.028061855670103077,2.0771170456478467
1,1.269864739162363,0.4902881576272181,3.2153769524466442,2.511567991803479,0.09922179670073739,-0.028061855670103077,1.9536951695414293
1,1.5982572446198096,0.5990553273998682,3.2153769524466442,2.511567991803479,0.09922179670073739,-0.028061855670103077,2.6554174985685775
1,1.624453260112893,0.4804167136901158,3.2153769524466442,2.511567991803479,0.09922179670073739,-0.028061855670103077,3.187709574351536
1,1.6565739783059443,0.4003321622659778,3.2153769524466442,2.511567991803479,0.09922179670073739,-0.028061855670103077,3.187709574351536
1,2.010575053516101,0.6272636933863247,3.2153769524466442,2.511567991803479,0.09922179670073739,-0.028061855670103077,3.187709574351536
1,1.7803035621586754,0.28197169601584615,3.2153769524466442,2.511567991803479,0.09922179670073739,-0.028061855670103077,3.187709574351536
1,1.8165165807149597,0.16933299199555485,3.2153769524466442,2.511567991803479,0.09733537844447804,-0.028061855670103077,3.187709574351536
1,1.991294491474466,0.580280842029575,3.2153769524466442,2.511567991803479,0.08723691460521532,-0.028061855670103077,3.187709574351536
1,2.0823187027091623,0.6859992530764609,3.2153769524466442,2.511567991803479,0.08613523237309095,-0.030494845360824727,3.187709574351536
1,2.0659639047145677,0.48525945668477083,3.2153769524466442,2.511567991803479,0.08485827973423077,-0.03391752577319585,3.187709574351536
1,2.358648544345338,1.4212459891270521,3.1461815486884426,2.511567991803479,0.08485827973423077,-0.03723711340206183,3.187709574351536
1,1.8374426925207703,0.8347823891619515,2.944363135710469,2.318347648512226,0.08485827973423077,-0.03847422680412368,3.187709574351536
1,1.980230466348272,0.45025570223248246,2.7534130881325787,2.087381813235672,0.08485827973423077,-0.03853608247422677,3.187709574351536
1,1.8926770564836135,0.8044348739791121,1.8313355656923482,2.0446632562345286,0.08485827973423077,-0.04478350515463912,3.187709574351536
1,2.0603604729814116,0.34508054678385813,1.509668752942486,2.0446632562345286,0.08485827973423077,-0.0456288659793814,3.187709574351536
1,1.7026737005540815,1.6025634959302248,1.509668752942486,2.0446632562345286,0.08485827973423077,-0.046288659793814385,3.187709574351536
1,2.4416682477785883,0.766304537326139,1.509668752942486,1.9864516197524686,0.08485827973423077,-0.046288659793814385,3.187709574351536
1,2.2393389906891,0.08066582835984036,1.509668752942486,1.816453258122539,0.08485827973423077,-0.046288659793814385,3.187709574351536
1,2.465464967606615,0.7265811101235032,1.509668752942486,1.7346479021137953,0.08485827973423077,-0.046783505154639124,2.8183641854186288
1,2.376328658494694,0.4754360664956333,1.509668752942486,1.6503293257119822,0.08485827973423077,-0.046783505154639124,2.7071189316693323
1,2.423651658745336,0.5123722590857627,1.509668752942486,1.6503293257119822,0.08485827973423077,-0.046783505154639124,2.7071189316693323
1,2.93170309167529,1.9049650375748366,1.509668752942486,1.5562614388389044,0.08485827973423077,-0.04713402061855665,2.3316504669975986
