series_id,name,source,path,length,anomaly_ratio,anomaly_segments,mean_anomaly_duration,max_anomaly_duration,seasonality_proxy,noise_proxy,algorithm,runtime_sec,window,normalize,vus_window,vus_thresholds,score_file,auroc,auprc,vus_roc,vus_pr,vus_roc_approx,vus_pr_approx,best_f1,contamination_f1,ablation,ablation_value
synthetic/synthetic_point_spikes,synthetic_point_spikes,synthetic,,1200,0.0033333333333333335,4,1.0,1,0.836596629338187,0.18621333115060704,rolling_zscore,0.06960145803168416,12,True,100,250,synthetic_point_spikes_scores.csv,1.0,1.0,0.9996080685618727,0.8125,0.45335472115801173,0.18653831774613622,1.0,1.0,window_size,12
synthetic/synthetic_point_spikes,synthetic_point_spikes,synthetic,,1200,0.0033333333333333335,4,1.0,1,0.836596629338187,0.18621333115060704,knn,0.03729595895856619,12,True,100,250,synthetic_point_spikes_scores.csv,0.9688545150501673,0.06161567002761971,0.9943971301212218,0.851880227969293,0.8957378612988369,0.6592711603150269,0.125,0.25,window_size,12
synthetic/synthetic_point_spikes,synthetic_point_spikes,synthetic,,1200,0.0033333333333333335,4,1.0,1,0.836596629338187,0.18621333115060704,lof,0.05068483343347907,12,True,100,250,synthetic_point_spikes_scores.csv,0.9736622073578595,0.06970551378446115,0.9957987667078798,0.8739986065312413,0.9020553256772272,0.6871366072115876,0.13043478260869565,0.0,window_size,12
synthetic/synthetic_point_spikes,synthetic_point_spikes,synthetic,,1200,0.0033333333333333335,4,1.0,1,0.836596629338187,0.18621333115060704,isolation_forest,0.5301081659272313,12,True,100,250,synthetic_point_spikes_scores.csv,0.9297658862876255,0.060912698412698404,0.9514228698382017,0.7082986517662248,0.8315229462830798,0.4430402037638279,0.13636363636363635,0.0,window_size,12
synthetic/synthetic_point_spikes,synthetic_point_spikes,synthetic,,1200,0.0033333333333333335,4,1.0,1,0.836596629338187,0.18621333115060704,ik_density,2.1744404998607934,12,True,100,250,synthetic_point_spikes_scores.csv,0.9732441471571907,0.06622995351986949,0.9954601134436057,0.8600020795829929,0.9061379942360432,0.6737592506630518,0.125,0.25,window_size,12
synthetic/synthetic_point_spikes,synthetic_point_spikes,synthetic,,1200,0.0033333333333333335,4,1.0,1,0.836596629338187,0.18621333115060704,matrix_profile,36.53732887515798,12,True,100,250,synthetic_point_spikes_scores.csv,0.008570234113712383,0.0025148430873621714,0.7588540614882215,0.18012489574159954,0.3616230462377138,0.06926152986634146,0.006644518272425249,0.0,window_size,12
synthetic/synthetic_point_spikes,synthetic_point_spikes,synthetic,,1200,0.0033333333333333335,4,1.0,1,0.836596629338187,0.18621333115060704,rolling_zscore,0.04053991613909602,24,True,100,250,synthetic_point_spikes_scores.csv,1.0,1.0,0.9997260967211691,0.8689698286765292,0.39025890765476084,0.1746155280631855,1.0,1.0,window_size,24
synthetic/synthetic_point_spikes,synthetic_point_spikes,synthetic,,1200,0.0033333333333333335,4,1.0,1,0.836596629338187,0.18621333115060704,knn,0.029220915865153074,24,True,100,250,synthetic_point_spikes_scores.csv,0.9326923076923077,0.029875458451789315,0.978533661708897,0.7283721837650761,0.9644686976446071,0.5837570329023735,0.07142857142857142,0.0,window_size,24
synthetic/synthetic_point_spikes,synthetic_point_spikes,synthetic,,1200,0.0033333333333333335,4,1.0,1,0.836596629338187,0.18621333115060704,lof,0.02081737481057644,24,True,100,250,synthetic_point_spikes_scores.csv,0.9372909698996655,0.03137671076335673,0.9805597941386406,0.7419824412234656,0.9675558651313173,0.598450830900845,0.07142857142857142,0.0,window_size,24
synthetic/synthetic_point_spikes,synthetic_point_spikes,synthetic,,1200,0.0033333333333333335,4,1.0,1,0.836596629338187,0.18621333115060704,isolation_forest,0.8300538752228022,24,True,100,250,synthetic_point_spikes_scores.csv,0.9577759197324415,0.0397079772079772,0.9891117135273132,0.7745450843444068,0.9542524672384584,0.5920971150734285,0.07692307692307693,0.0,window_size,24
synthetic/synthetic_point_spikes,synthetic_point_spikes,synthetic,,1200,0.0033333333333333335,4,1.0,1,0.836596629338187,0.18621333115060704,ik_density,2.9064351660199463,24,True,100,250,synthetic_point_spikes_scores.csv,0.9406354515050167,0.03400337545438809,0.9821787976743638,0.763296179583325,0.9709304495633851,0.6421226613445816,0.07692307692307693,0.0,window_size,24
synthetic/synthetic_point_spikes,synthetic_point_spikes,synthetic,,1200,0.0033333333333333335,4,1.0,1,0.836596629338187,0.18621333115060704,matrix_profile,0.050167208071798086,24,True,100,250,synthetic_point_spikes_scores.csv,0.8001672240802676,0.011959279112346413,0.8535042875158984,0.23033167997390097,0.6934600880717848,0.15164577851153407,0.02877697841726619,0.0,window_size,24
synthetic/synthetic_point_spikes,synthetic_point_spikes,synthetic,,1200,0.0033333333333333335,4,1.0,1,0.836596629338187,0.18621333115060704,rolling_zscore,0.03109241696074605,60,True,100,250,synthetic_point_spikes_scores.csv,1.0,1.0,0.9996080685618727,0.8125,0.47855622390249997,0.18293777446944903,1.0,1.0,window_size,60
synthetic/synthetic_point_spikes,synthetic_point_spikes,synthetic,,1200,0.0033333333333333335,4,1.0,1,0.836596629338187,0.18621333115060704,knn,0.0147406249307096,60,True,100,250,synthetic_point_spikes_scores.csv,0.8273411371237458,0.011874822814314255,0.8882506334338617,0.4322879046731992,0.8532248811450904,0.2617971761485892,0.03125,0.0,window_size,60
synthetic/synthetic_point_spikes,synthetic_point_spikes,synthetic,,1200,0.0033333333333333335,4,1.0,1,0.836596629338187,0.18621333115060704,lof,0.019799250178039074,60,True,100,250,synthetic_point_spikes_scores.csv,0.8474080267558529,0.013435425078909203,0.9023232345571331,0.4194177368268264,0.8655050575180964,0.2613938642783403,0.03125,0.0,window_size,60
synthetic/synthetic_point_spikes,synthetic_point_spikes,synthetic,,1200,0.0033333333333333335,4,1.0,1,0.836596629338187,0.18621333115060704,isolation_forest,0.6754461671225727,60,True,100,250,synthetic_point_spikes_scores.csv,0.8708193979933111,0.014612013927928633,0.9266440075531638,0.5205353050620881,0.8935200195139507,0.3253143242500185,0.03225806451612903,0.0,window_size,60
synthetic/synthetic_point_spikes,synthetic_point_spikes,synthetic,,1200,0.0033333333333333335,4,1.0,1,0.836596629338187,0.18621333115060704,ik_density,2.7217537499964237,60,True,100,250,synthetic_point_spikes_scores.csv,0.8887959866220735,0.01574412541941792,0.9357686715210889,0.4676261357653841,0.8919679620275444,0.29155589241194196,0.03200000000000001,0.0,window_size,60
synthetic/synthetic_point_spikes,synthetic_point_spikes,synthetic,,1200,0.0033333333333333335,4,1.0,1,0.836596629338187,0.18621333115060704,matrix_profile,0.05335966683924198,60,True,100,250,synthetic_point_spikes_scores.csv,0.8580685618729098,0.013275109170305676,0.9188365155478143,0.47946025901843764,0.8856040306071113,0.29147982017452456,0.03125,0.0,window_size,60
synthetic/synthetic_point_spikes,synthetic_point_spikes,synthetic,,1200,0.0033333333333333335,4,1.0,1,0.836596629338187,0.18621333115060704,rolling_zscore,0.03552433429285884,24,False,100,250,synthetic_point_spikes_scores.csv,1.0,1.0,0.9997260967211691,0.8689698286765292,0.39025890765476084,0.1746155280631855,1.0,1.0,normalization,raw
synthetic/synthetic_point_spikes,synthetic_point_spikes,synthetic,,1200,0.0033333333333333335,4,1.0,1,0.836596629338187,0.18621333115060704,knn,0.014106917195022106,24,False,100,250,synthetic_point_spikes_scores.csv,0.9326923076923077,0.029875458451789315,0.978533661708897,0.7283721837650761,0.9644686976446071,0.5837570329023735,0.07142857142857142,0.0,normalization,raw
synthetic/synthetic_point_spikes,synthetic_point_spikes,synthetic,,1200,0.0033333333333333335,4,1.0,1,0.836596629338187,0.18621333115060704,lof,0.03338041715323925,24,False,100,250,synthetic_point_spikes_scores.csv,0.9372909698996655,0.03137671076335673,0.9805597941386406,0.7419824412234656,0.9675558651313173,0.598450830900845,0.07142857142857142,0.0,normalization,raw
synthetic/synthetic_point_spikes,synthetic_point_spikes,synthetic,,1200,0.0033333333333333335,4,1.0,1,0.836596629338187,0.18621333115060704,isolation_forest,0.49200316658243537,24,False,100,250,synthetic_point_spikes_scores.csv,0.9577759197324415,0.0397079772079772,0.9891117135273132,0.7745450843444068,0.9542524672384584,0.5920971150734285,0.07692307692307693,0.0,normalization,raw
synthetic/synthetic_point_spikes,synthetic_point_spikes,synthetic,,1200,0.0033333333333333335,4,1.0,1,0.836596629338187,0.18621333115060704,ik_density,1.1525760423392057,24,False,100,250,synthetic_point_spikes_scores.csv,0.9506688963210703,0.03740967365967366,0.9869599291744696,0.7809544260629229,0.9763987341042947,0.6625710637306491,0.07594936708860758,0.0,normalization,raw
synthetic/synthetic_point_spikes,synthetic_point_spikes,synthetic,,1200,0.0033333333333333335,4,1.0,1,0.836596629338187,0.18621333115060704,matrix_profile,0.04412033315747976,24,False,100,250,synthetic_point_spikes_scores.csv,0.8001672240802676,0.011959279112346413,0.8535042875158984,0.23033167997390097,0.6934600880717848,0.15164577851153407,0.02877697841726619,0.0,normalization,raw
synthetic/synthetic_point_spikes,synthetic_point_spikes,synthetic,,1200,0.0033333333333333335,4,1.0,1,0.836596629338187,0.18621333115060704,rolling_zscore,0.038413750007748604,24,True,100,250,synthetic_point_spikes_scores.csv,1.0,1.0,0.9997260967211691,0.8689698286765292,0.39025890765476084,0.1746155280631855,1.0,1.0,normalization,z_normalized
synthetic/synthetic_point_spikes,synthetic_point_spikes,synthetic,,1200,0.0033333333333333335,4,1.0,1,0.836596629338187,0.18621333115060704,knn,0.01360799977555871,24,True,100,250,synthetic_point_spikes_scores.csv,0.9326923076923077,0.029875458451789315,0.978533661708897,0.7283721837650761,0.9644686976446071,0.5837570329023735,0.07142857142857142,0.0,normalization,z_normalized
synthetic/synthetic_point_spikes,synthetic_point_spikes,synthetic,,1200,0.0033333333333333335,4,1.0,1,0.836596629338187,0.18621333115060704,lof,0.021418708842247725,24,True,100,250,synthetic_point_spikes_scores.csv,0.9372909698996655,0.03137671076335673,0.9805597941386406,0.7419824412234656,0.9675558651313173,0.598450830900845,0.07142857142857142,0.0,normalization,z_normalized
synthetic/synthetic_point_spikes,synthetic_point_spikes,synthetic,,1200,0.0033333333333333335,4,1.0,1,0.836596629338187,0.18621333115060704,isolation_forest,0.5577601245604455,24,True,100,250,synthetic_point_spikes_scores.csv,0.9577759197324415,0.0397079772079772,0.9891117135273132,0.7745450843444068,0.9542524672384584,0.5920971150734285,0.07692307692307693,0.0,normalization,z_normalized
synthetic/synthetic_point_spikes,synthetic_point_spikes,synthetic,,1200,0.0033333333333333335,4,1.0,1,0.836596629338187,0.18621333115060704,ik_density,1.332643167115748,24,True,100,250,synthetic_point_spikes_scores.csv,0.9406354515050167,0.03400337545438809,0.9821787976743638,0.763296179583325,0.9709304495633851,0.6421226613445816,0.07692307692307693,0.0,normalization,z_normalized
synthetic/synthetic_point_spikes,synthetic_point_spikes,synthetic,,1200,0.0033333333333333335,4,1.0,1,0.836596629338187,0.18621333115060704,matrix_profile,0.03987979190424085,24,True,100,250,synthetic_point_spikes_scores.csv,0.8001672240802676,0.011959279112346413,0.8535042875158984,0.23033167997390097,0.6934600880717848,0.15164577851153407,0.02877697841726619,0.0,normalization,z_normalized
synthetic/synthetic_collective_shift,synthetic_collective_shift,synthetic,,1200,0.11666666666666667,2,70.0,70,0.9513434969582669,0.18425580859019425,rolling_zscore,0.053435207810252905,12,True,100,250,synthetic_collective_shift_scores.csv,0.5099730458221025,0.1170226234361798,0.6585099535158996,0.18098887324079613,0.5191470851356806,0.15563828508451855,0.21810699588477364,0.11428571428571428,window_size,12
synthetic/synthetic_collective_shift,synthetic_collective_shift,synthetic,,1200,0.11666666666666667,2,70.0,70,0.9513434969582669,0.18425580859019425,knn,0.027274917345494032,12,True,100,250,synthetic_collective_shift_scores.csv,0.9623854447439353,0.6101450485496696,0.9940898241119402,0.9337634457693603,0.954037978930392,0.8562699798169344,0.8280254777070064,0.6857142857142857,window_size,12
synthetic/synthetic_collective_shift,synthetic_collective_shift,synthetic,,1200,0.11666666666666667,2,70.0,70,0.9513434969582669,0.18425580859019425,lof,0.025618457701057196,12,True,100,250,synthetic_collective_shift_scores.csv,0.800940026954178,0.4305406931984989,0.9502469554689384,0.8141561502767471,0.8254662390230305,0.6857295040542734,0.6006600660066007,0.5785714285714286,window_size,12
synthetic/synthetic_collective_shift,synthetic_collective_shift,synthetic,,1200,0.11666666666666667,2,70.0,70,0.9513434969582669,0.18425580859019425,isolation_forest,0.36792816733941436,12,True,100,250,synthetic_collective_shift_scores.csv,0.9797203504043127,0.7459105054536237,0.9973242799242796,0.9657401025282811,0.9642554076288523,0.9101469846031796,0.8860759493670886,0.7642857142857142,window_size,12
synthetic/synthetic_collective_shift,synthetic_collective_shift,synthetic,,1200,0.11666666666666667,2,70.0,70,0.9513434969582669,0.18425580859019425,ik_density,0.8828935003839433,12,True,100,250,synthetic_collective_shift_scores.csv,0.29350067385444745,0.15014283301142384,0.5985000803482776,0.4748077171811974,0.4314183156806467,0.38346775640809727,0.26540284360189575,0.20714285714285716,window_size,12
synthetic/synthetic_collective_shift,synthetic_collective_shift,synthetic,,1200,0.11666666666666667,2,70.0,70,0.9513434969582669,0.18425580859019425,matrix_profile,0.04341100016608834,12,True,100,250,synthetic_collective_shift_scores.csv,0.5185309973045822,0.23370456520683353,0.6315411683154851,0.29414513241479723,0.4894571936445999,0.23967162779946988,0.2660098522167488,0.19285714285714287,window_size,12
synthetic/synthetic_collective_shift,synthetic_collective_shift,synthetic,,1200,0.11666666666666667,2,70.0,70,0.9513434969582669,0.18425580859019425,rolling_zscore,0.03234683396294713,24,True,100,250,synthetic_collective_shift_scores.csv,0.5159299191374663,0.12240569856736606,0.6587667270296341,0.18248530007888117,0.5173151904506316,0.15837540460161395,0.21968911917098446,0.12857142857142856,window_size,24
synthetic/synthetic_collective_shift,synthetic_collective_shift,synthetic,,1200,0.11666666666666667,2,70.0,70,0.9513434969582669,0.18425580859019425,knn,0.008182041812688112,24,True,100,250,synthetic_collective_shift_scores.csv,0.9443497304582209,0.5415847189274136,0.9858818590553045,0.8740634100677735,0.9747801243877273,0.8005087052578258,0.7526881720430108,0.5285714285714286,window_size,24
synthetic/synthetic_collective_shift,synthetic_collective_shift,synthetic,,1200,0.11666666666666667,2,70.0,70,0.9513434969582669,0.18425580859019425,lof,0.022915999870747328,24,True,100,250,synthetic_collective_shift_scores.csv,0.882004716981132,0.3762625207980151,0.9710858885464365,0.8025490355800504,0.9304050184014686,0.6600712001447384,0.5978260869565217,0.35,window_size,24
synthetic/synthetic_collective_shift,synthetic_collective_shift,synthetic,,1200,0.11666666666666667,2,70.0,70,0.9513434969582669,0.18425580859019425,isolation_forest,0.5087707908824086,24,True,100,250,synthetic_collective_shift_scores.csv,0.976061320754717,0.7965904778427737,0.9958668266545675,0.9623246547442079,0.9923421249288393,0.9438500733897847,0.8211143695014663,0.7285714285714285,window_size,24
synthetic/synthetic_collective_shift,synthetic_collective_shift,synthetic,,1200,0.11666666666666667,2,70.0,70,0.9513434969582669,0.18425580859019425,ik_density,1.3397157499566674,24,True,100,250,synthetic_collective_shift_scores.csv,0.8973854447439353,0.4138997739685427,0.9777119017482099,0.8269573995184514,0.9418526954855887,0.702274658168646,0.6742857142857143,0.4357142857142857,window_size,24
synthetic/synthetic_collective_shift,synthetic_collective_shift,synthetic,,1200,0.11666666666666667,2,70.0,70,0.9513434969582669,0.18425580859019425,matrix_profile,0.04232183285057545,24,True,100,250,synthetic_collective_shift_scores.csv,0.6377122641509434,0.21940347321936154,0.7697189625992397,0.29380319676329897,0.6388678043231426,0.2520609543091591,0.34854771784232363,0.3357142857142857,window_size,24
synthetic/synthetic_collective_shift,synthetic_collective_shift,synthetic,,1200,0.11666666666666667,2,70.0,70,0.9513434969582669,0.18425580859019425,rolling_zscore,0.0521848751232028,60,True,100,250,synthetic_collective_shift_scores.csv,0.49489892183288403,0.1189772800121558,0.6396205511255797,0.17780344416742602,0.5019333830239542,0.15705488860630784,0.209106239460371,0.12142857142857143,window_size,60
synthetic/synthetic_collective_shift,synthetic_collective_shift,synthetic,,1200,0.11666666666666667,2,70.0,70,0.9513434969582669,0.18425580859019425,knn,0.01595929218456149,60,True,100,250,synthetic_collective_shift_scores.csv,0.940053908355795,0.5548101780115968,0.9694284036018578,0.7860508587598003,0.9463028482996034,0.6690667850341088,0.7284345047923323,0.6,window_size,60
synthetic/synthetic_collective_shift,synthetic_collective_shift,synthetic,,1200,0.11666666666666667,2,70.0,70,0.9513434969582669,0.18425580859019425,lof,0.019320915918797255,60,True,100,250,synthetic_collective_shift_scores.csv,0.794828167115903,0.23997164129946164,0.9034625117819918,0.5074796898279447,0.8436544152420143,0.374468905457392,0.4590163934426229,0.16428571428571428,window_size,60
synthetic/synthetic_collective_shift,synthetic_collective_shift,synthetic,,1200,0.11666666666666667,2,70.0,70,0.9513434969582669,0.18425580859019425,isolation_forest,0.5291412090882659,60,True,100,250,synthetic_collective_shift_scores.csv,0.9660107816711591,0.7449154981243075,0.9848870086463105,0.905783741756626,0.979716623739658,0.8757200748667058,0.7592592592592592,0.6142857142857143,window_size,60
synthetic/synthetic_collective_shift,synthetic_collective_shift,synthetic,,1200,0.11666666666666667,2,70.0,70,0.9513434969582669,0.18425580859019425,ik_density,1.979839792009443,60,True,100,250,synthetic_collective_shift_scores.csv,0.8991677897574124,0.3995617397686918,0.9555146811598441,0.6966145106038293,0.9253100109806273,0.5649583526793872,0.577319587628866,0.37857142857142856,window_size,60
synthetic/synthetic_collective_shift,synthetic_collective_shift,synthetic,,1200,0.11666666666666667,2,70.0,70,0.9513434969582669,0.18425580859019425,matrix_profile,0.04915491724386811,60,True,100,250,synthetic_collective_shift_scores.csv,0.932328167115903,0.664157197455997,0.9700134144916589,0.7976842379109105,0.953952031415626,0.7893121185408505,0.6481481481481481,0.5285714285714286,window_size,60
synthetic/synthetic_collective_shift,synthetic_collective_shift,synthetic,,1200,0.11666666666666667,2,70.0,70,0.9513434969582669,0.18425580859019425,rolling_zscore,0.04698291700333357,24,False,100,250,synthetic_collective_shift_scores.csv,0.5159299191374663,0.12240569856736606,0.6587667270296341,0.18248530007888117,0.5173151904506316,0.15837540460161395,0.21968911917098446,0.12857142857142856,normalization,raw
synthetic/synthetic_collective_shift,synthetic_collective_shift,synthetic,,1200,0.11666666666666667,2,70.0,70,0.9513434969582669,0.18425580859019425,knn,0.016248040832579136,24,False,100,250,synthetic_collective_shift_scores.csv,0.9443497304582209,0.5415847189274136,0.9858818590553045,0.8740634100677735,0.9747801243877273,0.8005087052578258,0.7526881720430108,0.5285714285714286,normalization,raw
synthetic/synthetic_collective_shift,synthetic_collective_shift,synthetic,,1200,0.11666666666666667,2,70.0,70,0.9513434969582669,0.18425580859019425,lof,0.031341583002358675,24,False,100,250,synthetic_collective_shift_scores.csv,0.882004716981132,0.3762625207980151,0.9710858885464365,0.8025490355800504,0.9304050184014686,0.6600712001447384,0.5978260869565217,0.35,normalization,raw
synthetic/synthetic_collective_shift,synthetic_collective_shift,synthetic,,1200,0.11666666666666667,2,70.0,70,0.9513434969582669,0.18425580859019425,isolation_forest,0.4863457498140633,24,False,100,250,synthetic_collective_shift_scores.csv,0.976061320754717,0.7965904778427737,0.9958668266545675,0.9623246547442079,0.9923421249288393,0.9438500733897847,0.8211143695014663,0.7285714285714285,normalization,raw
synthetic/synthetic_collective_shift,synthetic_collective_shift,synthetic,,1200,0.11666666666666667,2,70.0,70,0.9513434969582669,0.18425580859019425,ik_density,1.2092415830120444,24,False,100,250,synthetic_collective_shift_scores.csv,0.9350404312668464,0.49366710887758086,0.9832736055188114,0.8513738557356394,0.971195254258071,0.7834806096683478,0.7567567567567568,0.45714285714285713,normalization,raw
synthetic/synthetic_collective_shift,synthetic_collective_shift,synthetic,,1200,0.11666666666666667,2,70.0,70,0.9513434969582669,0.18425580859019425,matrix_profile,0.04081291705369949,24,False,100,250,synthetic_collective_shift_scores.csv,0.6377122641509434,0.21940347321936154,0.7697189625992397,0.29380319676329897,0.6388678043231426,0.2520609543091591,0.34854771784232363,0.3357142857142857,normalization,raw
synthetic/synthetic_collective_shift,synthetic_collective_shift,synthetic,,1200,0.11666666666666667,2,70.0,70,0.9513434969582669,0.18425580859019425,rolling_zscore,0.031335708219558,24,True,100,250,synthetic_collective_shift_scores.csv,0.5159299191374663,0.12240569856736606,0.6587667270296341,0.18248530007888117,0.5173151904506316,0.15837540460161395,0.21968911917098446,0.12857142857142856,normalization,z_normalized
synthetic/synthetic_collective_shift,synthetic_collective_shift,synthetic,,1200,0.11666666666666667,2,70.0,70,0.9513434969582669,0.18425580859019425,knn,0.013177749700844288,24,True,100,250,synthetic_collective_shift_scores.csv,0.9443497304582209,0.5415847189274136,0.9858818590553045,0.8740634100677735,0.9747801243877273,0.8005087052578258,0.7526881720430108,0.5285714285714286,normalization,z_normalized
synthetic/synthetic_collective_shift,synthetic_collective_shift,synthetic,,1200,0.11666666666666667,2,70.0,70,0.9513434969582669,0.18425580859019425,lof,0.018522209022194147,24,True,100,250,synthetic_collective_shift_scores.csv,0.882004716981132,0.3762625207980151,0.9710858885464365,0.8025490355800504,0.9304050184014686,0.6600712001447384,0.5978260869565217,0.35,normalization,z_normalized
synthetic/synthetic_collective_shift,synthetic_collective_shift,synthetic,,1200,0.11666666666666667,2,70.0,70,0.9513434969582669,0.18425580859019425,isolation_forest,0.5362614998593926,24,True,100,250,synthetic_collective_shift_scores.csv,0.976061320754717,0.7965904778427737,0.9958668266545675,0.9623246547442079,0.9923421249288393,0.9438500733897847,0.8211143695014663,0.7285714285714285,normalization,z_normalized
synthetic/synthetic_collective_shift,synthetic_collective_shift,synthetic,,1200,0.11666666666666667,2,70.0,70,0.9513434969582669,0.18425580859019425,ik_density,1.0126387500204146,24,True,100,250,synthetic_collective_shift_scores.csv,0.8973854447439353,0.4138997739685427,0.9777119017482099,0.8269573995184514,0.9418526954855887,0.702274658168646,0.6742857142857143,0.4357142857142857,normalization,z_normalized
synthetic/synthetic_collective_shift,synthetic_collective_shift,synthetic,,1200,0.11666666666666667,2,70.0,70,0.9513434969582669,0.18425580859019425,matrix_profile,0.03742012521252036,24,True,100,250,synthetic_collective_shift_scores.csv,0.6377122641509434,0.21940347321936154,0.7697189625992397,0.29380319676329897,0.6388678043231426,0.2520609543091591,0.34854771784232363,0.3357142857142857,normalization,z_normalized
synthetic/synthetic_contextual_phase,synthetic_contextual_phase,synthetic,,1200,0.15,2,90.0,90,0.9152624155429703,0.17543479536811224,rolling_zscore,0.041932832915335894,12,True,100,250,synthetic_contextual_phase_scores.csv,0.5168790849673202,0.15292476488489365,0.6575364385528308,0.2298161410260915,0.5276686446448432,0.19669614591880033,0.26162790697674415,0.16666666666666666,window_size,12
synthetic/synthetic_contextual_phase,synthetic_contextual_phase,synthetic,,1200,0.15,2,90.0,90,0.9152624155429703,0.17543479536811224,knn,0.02728741569444537,12,True,100,250,synthetic_contextual_phase_scores.csv,0.12843409586056645,0.11525716565044346,0.376751706003152,0.2465848708932091,0.24383232573281402,0.23783186670731107,0.2608695652173913,0.10555555555555556,window_size,12
synthetic/synthetic_contextual_phase,synthetic_contextual_phase,synthetic,,1200,0.15,2,90.0,90,0.9152624155429703,0.17543479536811224,lof,0.03346524992957711,12,True,100,250,synthetic_contextual_phase_scores.csv,0.3583496732026144,0.1602402481899848,0.5051330865787642,0.20873932020027705,0.41873573976197276,0.21983776245970765,0.2608695652173913,0.07777777777777778,window_size,12
synthetic/synthetic_contextual_phase,synthetic_contextual_phase,synthetic,,1200,0.15,2,90.0,90,0.9152624155429703,0.17543479536811224,isolation_forest,0.37732825009152293,12,True,100,250,synthetic_contextual_phase_scores.csv,0.08174291938997821,0.08475434436621615,0.2830239104757672,0.13676216700415644,0.16661992281990906,0.11911546795961174,0.2608695652173913,0.03333333333333333,window_size,12
synthetic/synthetic_contextual_phase,synthetic_contextual_phase,synthetic,,1200,0.15,2,90.0,90,0.9152624155429703,0.17543479536811224,ik_density,1.253385332878679,12,True,100,250,synthetic_contextual_phase_scores.csv,0.22613289760348584,0.1006608317184606,0.44697915293117146,0.18277060217951008,0.31238148449551983,0.1495844596101292,0.2608695652173913,0.05555555555555555,window_size,12
synthetic/synthetic_contextual_phase,synthetic_contextual_phase,synthetic,,1200,0.15,2,90.0,90,0.9152624155429703,0.17543479536811224,matrix_profile,0.03865979192778468,12,True,100,250,synthetic_contextual_phase_scores.csv,0.5307897603485838,0.1770793775331298,0.6108704072058297,0.21319442198566155,0.47179356270634926,0.1903319560507677,0.28273809523809523,0.2722222222222222,window_size,12
synthetic/synthetic_contextual_phase,synthetic_contextual_phase,synthetic,,1200,0.15,2,90.0,90,0.9152624155429703,0.17543479536811224,rolling_zscore,0.038625165820121765,24,True,100,250,synthetic_contextual_phase_scores.csv,0.40346949891067535,0.11953988603570567,0.5805709848273859,0.21178827271731906,0.4508091231401824,0.1785961644339572,0.2611232676878192,0.07777777777777778,window_size,24
synthetic/synthetic_contextual_phase,synthetic_contextual_phase,synthetic,,1200,0.15,2,90.0,90,0.9152624155429703,0.17543479536811224,knn,0.013041666243225336,24,True,100,250,synthetic_contextual_phase_scores.csv,0.25799291938997826,0.17573986857541132,0.4745425306293387,0.34041742736079555,0.35290903596694123,0.32860223123670435,0.2801556420233463,0.2111111111111111,window_size,24
synthetic/synthetic_contextual_phase,synthetic_contextual_phase,synthetic,,1200,0.15,2,90.0,90,0.9152624155429703,0.17543479536811224,lof,0.01860729092732072,24,True,100,250,synthetic_contextual_phase_scores.csv,0.55890522875817,0.24462507000351744,0.6358014557693357,0.3488409714529266,0.5981896327425505,0.38779026132215966,0.3317972350230415,0.21666666666666667,window_size,24
synthetic/synthetic_contextual_phase,synthetic_contextual_phase,synthetic,,1200,0.15,2,90.0,90,0.9152624155429703,0.17543479536811224,isolation_forest,0.39039608370512724,24,True,100,250,synthetic_contextual_phase_scores.csv,0.022894880174291934,0.08377601849566105,0.1571148415552298,0.11633644583666575,0.044511456595432305,0.10794356170132927,0.2608695652173913,0.0,window_size,24
synthetic/synthetic_contextual_phase,synthetic_contextual_phase,synthetic,,1200,0.15,2,90.0,90,0.9152624155429703,0.17543479536811224,ik_density,0.9576730420812964,24,True,100,250,synthetic_contextual_phase_scores.csv,0.04510076252723312,0.08441952802566739,0.2124585104822374,0.12218942519138438,0.08518577055225977,0.11052061212115419,0.2608695652173913,0.0,window_size,24
synthetic/synthetic_contextual_phase,synthetic_contextual_phase,synthetic,,1200,0.15,2,90.0,90,0.9152624155429703,0.17543479536811224,matrix_profile,0.04550979193300009,24,True,100,250,synthetic_contextual_phase_scores.csv,0.7440550108932462,0.374216912991444,0.8427441973044985,0.4663947788471384,0.7316105120464779,0.39983489339897005,0.5239616613418531,0.48333333333333334,window_size,24
synthetic/synthetic_contextual_phase,synthetic_contextual_phase,synthetic,,1200,0.15,2,90.0,90,0.9152624155429703,0.17543479536811224,rolling_zscore,0.049382457975298166,60,True,100,250,synthetic_contextual_phase_scores.csv,0.4519771241830065,0.12617505185894148,0.6140361032334039,0.2108129841208875,0.49268423515242643,0.18850921066990195,0.2642169728783902,0.05555555555555555,window_size,60
synthetic/synthetic_contextual_phase,synthetic_contextual_phase,synthetic,,1200,0.15,2,90.0,90,0.9152624155429703,0.17543479536811224,knn,0.015724292024970055,60,True,100,250,synthetic_contextual_phase_scores.csv,0.7230746187363835,0.3314856827181354,0.8500651262789841,0.5661993893570827,0.7629146638574623,0.4622887556952352,0.4736842105263158,0.4222222222222222,window_size,60
synthetic/synthetic_contextual_phase,synthetic_contextual_phase,synthetic,,1200,0.15,2,90.0,90,0.9152624155429703,0.17543479536811224,lof,0.027652292046695948,60,True,100,250,synthetic_contextual_phase_scores.csv,0.9379493464052288,0.5784736491654958,0.9713933588803074,0.8226052337353181,0.9570317653535607,0.7167513068364519,0.7563025210084033,0.6388888888888888,window_size,60
synthetic/synthetic_contextual_phase,synthetic_contextual_phase,synthetic,,1200,0.15,2,90.0,90,0.9152624155429703,0.17543479536811224,isolation_forest,0.6718879998661578,60,True,100,250,synthetic_contextual_phase_scores.csv,0.12064814814814814,0.09478505121050607,0.302335975460499,0.1697282384185571,0.16715501453722195,0.13141974850661015,0.2608695652173913,0.09444444444444444,window_size,60
synthetic/synthetic_contextual_phase,synthetic_contextual_phase,synthetic,,1200,0.15,2,90.0,90,0.9152624155429703,0.17543479536811224,ik_density,1.3723290828056633,60,True,100,250,synthetic_contextual_phase_scores.csv,0.49135076252723303,0.31702159069159713,0.5539122829065192,0.3959756218920032,0.5187984672129146,0.41884127854190567,0.4878048780487805,0.4444444444444444,window_size,60
synthetic/synthetic_contextual_phase,synthetic_contextual_phase,synthetic,,1200,0.15,2,90.0,90,0.9152624155429703,0.17543479536811224,matrix_profile,0.03693779185414314,60,True,100,250,synthetic_contextual_phase_scores.csv,0.9488099128540306,0.6443263511183844,0.9765860222137682,0.8671935587497902,0.9637239438990782,0.788051325036242,0.7937915742793791,0.6055555555555555,window_size,60
synthetic/synthetic_contextual_phase,synthetic_contextual_phase,synthetic,,1200,0.15,2,90.0,90,0.9152624155429703,0.17543479536811224,rolling_zscore,0.03440791601315141,24,False,100,250,synthetic_contextual_phase_scores.csv,0.40346949891067535,0.11953988603570567,0.5805709848273859,0.21178827271731906,0.4508091231401824,0.1785961644339572,0.2611232676878192,0.07777777777777778,normalization,raw
synthetic/synthetic_contextual_phase,synthetic_contextual_phase,synthetic,,1200,0.15,2,90.0,90,0.9152624155429703,0.17543479536811224,knn,0.014991916716098785,24,False,100,250,synthetic_contextual_phase_scores.csv,0.25799291938997826,0.17573986857541132,0.4745425306293387,0.34041742736079555,0.35290903596694123,0.32860223123670435,0.2801556420233463,0.2111111111111111,normalization,raw
synthetic/synthetic_contextual_phase,synthetic_contextual_phase,synthetic,,1200,0.15,2,90.0,90,0.9152624155429703,0.17543479536811224,lof,0.02564591681584716,24,False,100,250,synthetic_contextual_phase_scores.csv,0.55890522875817,0.24462507000351744,0.6358014557693357,0.3488409714529266,0.5981896327425505,0.38779026132215966,0.3317972350230415,0.21666666666666667,normalization,raw
synthetic/synthetic_contextual_phase,synthetic_contextual_phase,synthetic,,1200,0.15,2,90.0,90,0.9152624155429703,0.17543479536811224,isolation_forest,0.3919688342139125,24,False,100,250,synthetic_contextual_phase_scores.csv,0.022894880174291934,0.08377601849566105,0.1571148415552298,0.11633644583666575,0.044511456595432305,0.10794356170132927,0.2608695652173913,0.0,normalization,raw
synthetic/synthetic_contextual_phase,synthetic_contextual_phase,synthetic,,1200,0.15,2,90.0,90,0.9152624155429703,0.17543479536811224,ik_density,0.8978690840303898,24,False,100,250,synthetic_contextual_phase_scores.csv,0.06403867102396514,0.08531468870024728,0.2509413226854921,0.1281850028266461,0.11372183570472694,0.11324917465440283,0.2608695652173913,0.0,normalization,raw
synthetic/synthetic_contextual_phase,synthetic_contextual_phase,synthetic,,1200,0.15,2,90.0,90,0.9152624155429703,0.17543479536811224,matrix_profile,0.04894487466663122,24,False,100,250,synthetic_contextual_phase_scores.csv,0.7440550108932462,0.374216912991444,0.8427441973044985,0.4663947788471384,0.7316105120464779,0.39983489339897005,0.5239616613418531,0.48333333333333334,normalization,raw
synthetic/synthetic_contextual_phase,synthetic_contextual_phase,synthetic,,1200,0.15,2,90.0,90,0.9152624155429703,0.17543479536811224,rolling_zscore,0.031281833071261644,24,True,100,250,synthetic_contextual_phase_scores.csv,0.40346949891067535,0.11953988603570567,0.5805709848273859,0.21178827271731906,0.4508091231401824,0.1785961644339572,0.2611232676878192,0.07777777777777778,normalization,z_normalized
synthetic/synthetic_contextual_phase,synthetic_contextual_phase,synthetic,,1200,0.15,2,90.0,90,0.9152624155429703,0.17543479536811224,knn,0.008365583140403032,24,True,100,250,synthetic_contextual_phase_scores.csv,0.25799291938997826,0.17573986857541132,0.4745425306293387,0.34041742736079555,0.35290903596694123,0.32860223123670435,0.2801556420233463,0.2111111111111111,normalization,z_normalized
synthetic/synthetic_contextual_phase,synthetic_contextual_phase,synthetic,,1200,0.15,2,90.0,90,0.9152624155429703,0.17543479536811224,lof,0.01961491722613573,24,True,100,250,synthetic_contextual_phase_scores.csv,0.55890522875817,0.24462507000351744,0.6358014557693357,0.3488409714529266,0.5981896327425505,0.38779026132215966,0.3317972350230415,0.21666666666666667,normalization,z_normalized
synthetic/synthetic_contextual_phase,synthetic_contextual_phase,synthetic,,1200,0.15,2,90.0,90,0.9152624155429703,0.17543479536811224,isolation_forest,0.3879731670022011,24,True,100,250,synthetic_contextual_phase_scores.csv,0.022894880174291934,0.08377601849566105,0.1571148415552298,0.11633644583666575,0.044511456595432305,0.10794356170132927,0.2608695652173913,0.0,normalization,z_normalized
synthetic/synthetic_contextual_phase,synthetic_contextual_phase,synthetic,,1200,0.15,2,90.0,90,0.9152624155429703,0.17543479536811224,ik_density,1.3670161250047386,24,True,100,250,synthetic_contextual_phase_scores.csv,0.04510076252723312,0.08441952802566739,0.2124585104822374,0.12218942519138438,0.08518577055225977,0.11052061212115419,0.2608695652173913,0.0,normalization,z_normalized
synthetic/synthetic_contextual_phase,synthetic_contextual_phase,synthetic,,1200,0.15,2,90.0,90,0.9152624155429703,0.17543479536811224,matrix_profile,0.03922600019723177,24,True,100,250,synthetic_contextual_phase_scores.csv,0.7440550108932462,0.374216912991444,0.8427441973044985,0.4663947788471384,0.7316105120464779,0.39983489339897005,0.5239616613418531,0.48333333333333334,normalization,z_normalized
synthetic/synthetic_noisy_subsequence,synthetic_noisy_subsequence,synthetic,,1200,0.1125,3,45.0,45,0.7360750552127181,0.37259140886945163,rolling_zscore,0.03993566706776619,12,True,100,250,synthetic_noisy_subsequence_scores.csv,0.5041279777430012,0.11435021543367264,0.7018283285223076,0.21792103595452256,0.49470836788774675,0.16994907730420805,0.20411663807890223,0.11851851851851852,window_size,12
synthetic/synthetic_noisy_subsequence,synthetic_noisy_subsequence,synthetic,,1200,0.1125,3,45.0,45,0.7360750552127181,0.37259140886945163,knn,0.03741099964827299,12,True,100,250,synthetic_noisy_subsequence_scores.csv,0.7500712919492262,0.3999150974679811,0.945179186009372,0.8415154749902144,0.7922331555021305,0.6724549886728809,0.550185873605948,0.5481481481481482,window_size,12
synthetic/synthetic_noisy_subsequence,synthetic_noisy_subsequence,synthetic,,1200,0.1125,3,45.0,45,0.7360750552127181,0.37259140886945163,lof,0.038111208006739616,12,True,100,250,synthetic_noisy_subsequence_scores.csv,0.75094418362024,0.38868673884828314,0.9501181739678682,0.8397643615619129,0.7948968345774177,0.6714887096382348,0.5629139072847682,0.4962962962962963,window_size,12
synthetic/synthetic_noisy_subsequence,synthetic_noisy_subsequence,synthetic,,1200,0.1125,3,45.0,45,0.7360750552127181,0.37259140886945163,isolation_forest,0.2869173330254853,12,True,100,250,synthetic_noisy_subsequence_scores.csv,0.7008624587028343,0.26840944491387264,0.8769969334625637,0.5348717940297074,0.7264664998344127,0.4430900387623028,0.3725490196078431,0.28888888888888886,window_size,12
synthetic/synthetic_noisy_subsequence,synthetic_noisy_subsequence,synthetic,,1200,0.1125,3,45.0,45,0.7360750552127181,0.37259140886945163,ik_density,1.0408985409885645,12,True,100,250,synthetic_noisy_subsequence_scores.csv,0.7738515040862459,0.41680945352799864,0.9428292284560478,0.8275311679343264,0.8065185280503917,0.6701032235554893,0.5878136200716846,0.5555555555555556,window_size,12
synthetic/synthetic_noisy_subsequence,synthetic_noisy_subsequence,synthetic,,1200,0.1125,3,45.0,45,0.7360750552127181,0.37259140886945163,matrix_profile,0.03963325032964349,12,True,100,250,synthetic_noisy_subsequence_scores.csv,0.41964180142583896,0.1094043592257944,0.6226130796692521,0.21271206648751886,0.3990974574253603,0.15301160294844907,0.20946470131885184,0.08888888888888889,window_size,12
synthetic/synthetic_noisy_subsequence,synthetic_noisy_subsequence,synthetic,,1200,0.1125,3,45.0,45,0.7360750552127181,0.37259140886945163,rolling_zscore,0.027487624902278185,24,True,100,250,synthetic_noisy_subsequence_scores.csv,0.5257798643714137,0.11531913646168099,0.7209008580937917,0.23020431526555363,0.539913594909382,0.18463418393443012,0.22360248447204967,0.0962962962962963,window_size,24
synthetic/synthetic_noisy_subsequence,synthetic_noisy_subsequence,synthetic,,1200,0.1125,3,45.0,45,0.7360750552127181,0.37259140886945163,knn,0.007738917134702206,24,True,100,250,synthetic_noisy_subsequence_scores.csv,0.9174439227960355,0.48337882138976374,0.9838053225148808,0.8716439147486417,0.9592493400931359,0.7817197165818206,0.6470588235294118,0.4666666666666667,window_size,24
synthetic/synthetic_noisy_subsequence,synthetic_noisy_subsequence,synthetic,,1200,0.1125,3,45.0,45,0.7360750552127181,0.37259140886945163,lof,0.016756375320255756,24,True,100,250,synthetic_noisy_subsequence_scores.csv,0.9299182750825943,0.5787429601830939,0.9845770921604287,0.8865101955198736,0.9642106914699967,0.8209023117484129,0.6239554317548747,0.5481481481481482,window_size,24
synthetic/synthetic_noisy_subsequence,synthetic_noisy_subsequence,synthetic,,1200,0.1125,3,45.0,45,0.7360750552127181,0.37259140886945163,isolation_forest,0.46057699993252754,24,True,100,250,synthetic_noisy_subsequence_scores.csv,0.8153851504086245,0.37634287076872636,0.956977003971794,0.8028374058871336,0.8594553905633138,0.6406994527706809,0.5229681978798586,0.45185185185185184,window_size,24
synthetic/synthetic_noisy_subsequence,synthetic_noisy_subsequence,synthetic,,1200,0.1125,3,45.0,45,0.7360750552127181,0.37259140886945163,ik_density,0.9767949576489627,24,True,100,250,synthetic_noisy_subsequence_scores.csv,0.8348948009041905,0.34227888126054845,0.95653469621219,0.7594384077383265,0.875962426103856,0.6090030721691615,0.5412371134020619,0.35555555555555557,window_size,24
synthetic/synthetic_noisy_subsequence,synthetic_noisy_subsequence,synthetic,,1200,0.1125,3,45.0,45,0.7360750552127181,0.37259140886945163,matrix_profile,0.048001582734286785,24,True,100,250,synthetic_noisy_subsequence_scores.csv,0.506659711354547,0.13229686989384704,0.6637366113399517,0.2218082674460802,0.5171874968627538,0.18438961445189878,0.2454458293384468,0.17037037037037037,window_size,24
synthetic/synthetic_noisy_subsequence,synthetic_noisy_subsequence,synthetic,,1200,0.1125,3,45.0,45,0.7360750552127181,0.37259140886945163,rolling_zscore,0.03301070770248771,60,True,100,250,synthetic_noisy_subsequence_scores.csv,0.5573848026430186,0.13021688553793892,0.7830812271482466,0.3016121623430589,0.6080799836178633,0.23745480358519594,0.25,0.11851851851851852,window_size,60
synthetic/synthetic_noisy_subsequence,synthetic_noisy_subsequence,synthetic,,1200,0.1125,3,45.0,45,0.7360750552127181,0.37259140886945163,knn,0.011404874734580517,60,True,100,250,synthetic_noisy_subsequence_scores.csv,0.9126482350895496,0.5300275071519248,0.9498199235682815,0.7654310284597626,0.9342946023321904,0.707459550226478,0.5769230769230769,0.4222222222222222,window_size,60
synthetic/synthetic_noisy_subsequence,synthetic_noisy_subsequence,synthetic,,1200,0.1125,3,45.0,45,0.7360750552127181,0.37259140886945163,lof,0.021667166613042355,60,True,100,250,synthetic_noisy_subsequence_scores.csv,0.9025978090766823,0.4211507156990449,0.962449454679223,0.7410152786664516,0.9253329727499929,0.5969642076581972,0.5324384787472035,0.5037037037037037,window_size,60
synthetic/synthetic_noisy_subsequence,synthetic_noisy_subsequence,synthetic,,1200,0.1125,3,45.0,45,0.7360750552127181,0.37259140886945163,isolation_forest,0.45189737528562546,60,True,100,250,synthetic_noisy_subsequence_scores.csv,0.9503912363067293,0.6378878878878879,0.9756348042055093,0.866726436019217,0.9648941340056512,0.8195061571412218,0.7142857142857143,0.5703703703703704,window_size,60
synthetic/synthetic_noisy_subsequence,synthetic_noisy_subsequence,synthetic,,1200,0.1125,3,45.0,45,0.7360750552127181,0.37259140886945163,ik_density,1.355721625033766,60,True,100,250,synthetic_noisy_subsequence_scores.csv,0.9177569118414188,0.5504292820336569,0.9569774442574863,0.7891288666340376,0.9356401040675582,0.7253000340111674,0.576923076923077,0.4962962962962963,window_size,60
synthetic/synthetic_noisy_subsequence,synthetic_noisy_subsequence,synthetic,,1200,0.1125,3,45.0,45,0.7360750552127181,0.37259140886945163,matrix_profile,0.03656070865690708,60,True,100,250,synthetic_noisy_subsequence_scores.csv,0.9359693966266736,0.52562388451098,0.9761238034109343,0.8139175496015247,0.9480695202269118,0.6926908569923113,0.6192893401015228,0.6296296296296297,window_size,60
synthetic/synthetic_noisy_subsequence,synthetic_noisy_subsequence,synthetic,,1200,0.1125,3,45.0,45,0.7360750552127181,0.37259140886945163,rolling_zscore,0.031227458268404007,24,False,100,250,synthetic_noisy_subsequence_scores.csv,0.5257798643714137,0.11531913646168099,0.7209008580937917,0.23020431526555363,0.539913594909382,0.18463418393443012,0.22360248447204967,0.0962962962962963,normalization,raw
synthetic/synthetic_noisy_subsequence,synthetic_noisy_subsequence,synthetic,,1200,0.1125,3,45.0,45,0.7360750552127181,0.37259140886945163,knn,0.01144933421164751,24,False,100,250,synthetic_noisy_subsequence_scores.csv,0.9174439227960355,0.48337882138976374,0.9838053225148808,0.8716439147486417,0.9592493400931359,0.7817197165818206,0.6470588235294118,0.4666666666666667,normalization,raw
synthetic/synthetic_noisy_subsequence,synthetic_noisy_subsequence,synthetic,,1200,0.1125,3,45.0,45,0.7360750552127181,0.37259140886945163,lof,0.018855083268135786,24,False,100,250,synthetic_noisy_subsequence_scores.csv,0.9299182750825943,0.5787429601830939,0.9845770921604287,0.8865101955198736,0.9642106914699967,0.8209023117484129,0.6239554317548747,0.5481481481481482,normalization,raw
synthetic/synthetic_noisy_subsequence,synthetic_noisy_subsequence,synthetic,,1200,0.1125,3,45.0,45,0.7360750552127181,0.37259140886945163,isolation_forest,0.45900475000962615,24,False,100,250,synthetic_noisy_subsequence_scores.csv,0.8153851504086245,0.37634287076872636,0.956977003971794,0.8028374058871336,0.8594553905633138,0.6406994527706809,0.5229681978798586,0.45185185185185184,normalization,raw
synthetic/synthetic_noisy_subsequence,synthetic_noisy_subsequence,synthetic,,1200,0.1125,3,45.0,45,0.7360750552127181,0.37259140886945163,ik_density,1.2088366248644888,24,False,100,250,synthetic_noisy_subsequence_scores.csv,0.8396313684576595,0.34956568283627387,0.9599404974665985,0.7826591722105851,0.8823206137197417,0.6271888065457908,0.5084745762711864,0.37777777777777777,normalization,raw
synthetic/synthetic_noisy_subsequence,synthetic_noisy_subsequence,synthetic,,1200,0.1125,3,45.0,45,0.7360750552127181,0.37259140886945163,matrix_profile,0.03557204082608223,24,False,100,250,synthetic_noisy_subsequence_scores.csv,0.506659711354547,0.13229686989384704,0.6637366113399517,0.2218082674460802,0.5171874968627538,0.18438961445189878,0.2454458293384468,0.17037037037037037,normalization,raw
synthetic/synthetic_noisy_subsequence,synthetic_noisy_subsequence,synthetic,,1200,0.1125,3,45.0,45,0.7360750552127181,0.37259140886945163,rolling_zscore,0.033596417400985956,24,True,100,250,synthetic_noisy_subsequence_scores.csv,0.5257798643714137,0.11531913646168099,0.7209008580937917,0.23020431526555363,0.539913594909382,0.18463418393443012,0.22360248447204967,0.0962962962962963,normalization,z_normalized
synthetic/synthetic_noisy_subsequence,synthetic_noisy_subsequence,synthetic,,1200,0.1125,3,45.0,45,0.7360750552127181,0.37259140886945163,knn,0.01192958327010274,24,True,100,250,synthetic_noisy_subsequence_scores.csv,0.9174439227960355,0.48337882138976374,0.9838053225148808,0.8716439147486417,0.9592493400931359,0.7817197165818206,0.6470588235294118,0.4666666666666667,normalization,z_normalized
synthetic/synthetic_noisy_subsequence,synthetic_noisy_subsequence,synthetic,,1200,0.1125,3,45.0,45,0.7360750552127181,0.37259140886945163,lof,0.0212547080591321,24,True,100,250,synthetic_noisy_subsequence_scores.csv,0.9299182750825943,0.5787429601830939,0.9845770921604287,0.8865101955198736,0.9642106914699967,0.8209023117484129,0.6239554317548747,0.5481481481481482,normalization,z_normalized
synthetic/synthetic_noisy_subsequence,synthetic_noisy_subsequence,synthetic,,1200,0.1125,3,45.0,45,0.7360750552127181,0.37259140886945163,isolation_forest,0.45609020814299583,24,True,100,250,synthetic_noisy_subsequence_scores.csv,0.8153851504086245,0.37634287076872636,0.956977003971794,0.8028374058871336,0.8594553905633138,0.6406994527706809,0.5229681978798586,0.45185185185185184,normalization,z_normalized
synthetic/synthetic_noisy_subsequence,synthetic_noisy_subsequence,synthetic,,1200,0.1125,3,45.0,45,0.7360750552127181,0.37259140886945163,ik_density,1.6448409580625594,24,True,100,250,synthetic_noisy_subsequence_scores.csv,0.8348948009041905,0.34227888126054845,0.95653469621219,0.7594384077383265,0.875962426103856,0.6090030721691615,0.5412371134020619,0.35555555555555557,normalization,z_normalized
synthetic/synthetic_noisy_subsequence,synthetic_noisy_subsequence,synthetic,,1200,0.1125,3,45.0,45,0.7360750552127181,0.37259140886945163,matrix_profile,0.041180667001754045,24,True,100,250,synthetic_noisy_subsequence_scores.csv,0.506659711354547,0.13229686989384704,0.6637366113399517,0.2218082674460802,0.5171874968627538,0.18438961445189878,0.2454458293384468,0.17037037037037037,normalization,z_normalized
